"CATEGORY","A1472359C","A1473246G","A1673558C","A1674076C","A1674262G","A4247033C","A4247429G","A4247847G","A4248003G","A4248319T","A4407620G","A4407967C","A761110T","A781687G","A781822G","A801009G","ACAG7582CCAC","ACAG7582GCAC","C1673585A","C2154724A","C2155168G","C2288847G","C4243460T","C4249323A","C4326333G","C7570T","CA761139GA","CA761139TA","CAATCA2714561AAATCA","CCGGCGA1674952GCGGCGA","CG761155TG","CGGCG4248324GGGCG","G1673579C","G4246536C","G4246584C","G4247431A","G7362C","G7585C","G761889C","G9304A","GACAG7581AACAC","T1673580G","T1918034G","T4247028G","T4247039G","T4248309G","T4407588C","T4407927G","T5353G","T7572C","T763031C","T801268C","TGA1674966GGA","TGT801287GGT"
"S",0,0,0,0.1293,0,0,0,0,0,0,0,0,0,0,0,0,0,0,0,0.9912,0,0,1,0,0,0,0,0,0,0,0,0,0,0,0,0,1,1,0,0.992,0,0,0,0,0,0,1,0.9917,0.0968,0,1,0,0,0.1233
"S",0,0,0,0.0866,0,0,0,0,0,0,0,0,0,0,0,0,0,0,0,0,0,0,0,0,0,0,0,0,0,0,0,0,0,0,0,0,1,0.0615,0,0.0652,0,0,0,0,0,0,0,0,0.0594,0,0,0,0,0.1048
"S",0,0,0,0.1511,0,0,0,0,0,0,0,0,0,0,0,0,0,0,0,0.9957,0,0,0,0,0,0,0,0,0,0,0,0,0,0,0,0,0.9963,0.9963,0,0.9956,0,0,0.0745,0,0,0,1,0,0.0604,0,1,0,0,0.1594
"S",0,0,0,0.1223,0,0,0,0,0,0,0,0,0,0,0,0,0,0,0,0,0,0,0,0,0,0,0,0,0,0,0,0,0,0,0,0,0.9943,0,0,0,0,0,0.058,0,0,0,0,0,0,0,0,0,0,0.1304
"S",0,0,0,0.1148,0,0,0,0,0,0,0,0,0,0,0,0,0,0,0,1,0,0,0,0,0,0,0,0,0,0.0678,0,0,0,0,0,0,1,0.995,0,0.9973,0,0,0,0,0,0,0.9977,0,0.0799,0,0.9942,0,0,0.1508
"S",0,0,0,0.1375,0,0,0,0,0,0,0,0,0,0,0,0,0,0,0,0,0,0,0,0,0,0,0,0,0,0.05,0,0,0,0,0,0,1,1,0,1,0,0,0,0,0,0,0,0,0,0,0,0,0,0.1244
"S",0,0,0,0.1237,0,0,0,0,0,0,0,0,0,0,0,0,0,0,0,0.0943,0,0,0,0,0,0,0,0,0,0.0788,0,0,0,0,0,0,0.9981,0.9978,0,0.9889,0,0,0,0,0,0,0.1198,0,0.0625,0,0.1041,0,0,0.1728
"S",0,0,0,0.1521,0,0,0,0,0,0,0,0,0,0,0,0,0,0,0,0,0,0,0,0,0,0,0,0,0,0,0,0,0,0,0,0,1,0.9977,0,0.9931,0,0,0.0705,0,0,0,0,0,0,0,0,0,0,0.1152
"S",0,0,0,0.1023,0,0,0,0,0,0,0,0,0,0,0,0,0,0,0,0,0,0,0,0,0,0,0,0,0,0.0901,0,0,0,0,0,0,1,1,0,1,0,0,0,0,0,0,0,0,0.053,0,0,0,0,0.1087
"M",0,0,0,0.1152,0,0,0,0,0,0,0,0,0,0,0,0,0,0,0,0,1,0,0,0,0,0,0,0,0,0.0556,0,0,0,0,0,0,1,1,0,0.9943,0,0,0,0,0,0,0,0,0,0,0,0,0,0.1429
"M",0,0,0,0.0827,0,0,0,0,0,0,0,0,0,0,0,0,0,0,0,0,0,0,0,0.0584,0,0,0,0,0,0,0,0,0,0,0,0,1,1,0,0.9956,0,0,0,0,0,0,0,0,0,0,0,0,0,0.0995
"M",0,0,0,0.0899,0,0,0,0,0,0,0,0,0,0,0,0,0,0,0,0,0,0,0,0.0658,0,0.0944,0.9952,0,0,0.064,0,0,0,0,0,0,1,0.9957,0,0.9913,0,0,0,0,0,0,0,0,0,0,0,0,0,0.0876
"M",0,0,0,0.0504,0,0,0,0,0,0,0,0,0,0,1,0,0,0,0,0,0,0,0,0,0,0,0,0,0,0,1,0,0,0,0,0,1,0,0,0,0,0,0,0,0,0,0,0,0.0612,0,0,0,0,0.1132
"M",0,0,0,0.0994,0,0,0,0,0,0,0,0,0,0,0,0,0,0,0,0,0.9949,0,0,0,0,0,0,0,0,0.0615,0.9908,0,0,0,0,0,1,1,0,0.9948,0,0,0,0,0,0,0,0,0,0,0,0,0,0.0538
"M",0,0,0,0.087,0,0,0,0,0.9952,0,0,0,0,0,0,0,0,0,0,0,0.9983,0,0,0,0,0,0,0,0,0.0753,0.998,0,0,0,0,0,0.9947,1,0,0.9878,0,0,0,0,0,0,0,0,0,0,0,0,0,0.1076
"S",0,0,0,0.0809,0,0,0,0,0,0,0,0,0,0,0,0,0,0,0,0,0,0,0,0,0,0,0,0,0,0.1203,0,0,0,0,0,0,1,0.9977,0,0.9966,0,0,0,0,0,0,0,0,0,0,0,0,0,0.0837
"S",0,0,0,0.112,0,0,0,0,0,0,0,0,0,0,0,0,0,0,0,1,0,0,0,0,0,0,0,0,0,0.2565,0,0,0,0,0,0,0.9969,1,0,0.9871,0,0,0,0,0,0,0.9968,0,0,0,1,0,0,0.1038
"M",0,0,0,0.1103,0,0,0,0,0,0,0,0,0,0,0,0,0,0,0,1,1,0,0,0,0,0,0,1,0,0.1449,0,0,0,0,0,0.9947,1,0.9942,0,0.9937,0,0,0,0,0,0,0.9937,0,0,0,0.9892,0,0,0.0671
"M",0,0,0,0.1179,0,0,0,0,0,0,0,0,0,0,0,0,0,0,0,1,0.9971,0,0,0,0,0,0,1,0,0.0826,0,0,0,0,0,0.9943,1,1,0,0.9883,0,0,0,0,0,0,1,0,0,0,1,0,0,0.0607
"M",0,0,0,0.1349,0,0,0,0,0,0,0,0,0,0,0,0,0,0,0,0.9924,0,0,0,0,0,0,0,0,0,0,0,0,0,0,0,0,1,0.9932,0,0.9928,0,0,0.0588,0,0,0,1,0,0,0,1,0,0,0.1574
"M",0,0,0,0.0577,0,0,0,0,0,0,0,0,0,0,0,0,0,0,0,0,0,0,0,0.0541,0,0,0,0,0,0,0,0,0,0,0,0,1,1,0,1,0,0,0.0556,0,0,0,0,0,0.0656,0,0,0,0,0.2353
"M",0,0,0,0.0772,0,0,0,0,0,0,0,0,0,0,0,0,0,0,0,0,1,0,0,0,0,0,0,0,0,0.1161,1,0,0,0,0,0,1,0.9968,0,0.9971,0,0,0,0,0,0,0,0,0,0,0,0,0.1096,0.1389
"M",0,0,0,0.0602,0,0,0,0,0,0,0,0,0,0,0,0,0,0,0,1,1,0,0,0,0,0,0,0,0,0.1523,1,0,0,0,0,1,1,1,0,0.9962,0,0,0,0,0,0,0.998,0,0,0,1,0,0.099,0.1009
"M",0,0,0,0.0822,0,0,0,0,0,0,0,0,0,0,0,0,0,0,0,0,1,0,0,0,0,0,0,0,0,0.1959,0,0,0,0,0,0,0.9984,0,0,0,0,0,0,0,0,0,0,0,0,0,0,0,0.08,0.103
"M",0,0,0,0,0,0,0,0,0,0,0,0,0,0,0.9718,0,0,0,0,0,1,0,0,0,0,0,0,0,0.1099,0.1525,1,0,0,0,0,0,0.9884,1,0,1,0,0,0,0,0,0,0,0,0,0,0,0,0.1587,0
"S",0,0,0,0,0,0,0,0,0,0,0,0,0,0,0,0,0,0,0,0,0,0,0,0.051,0,0,0,0,0,0.1944,0,0,0,0,0,0,1,0,0,0,0,0,0,0,0,0,0,0,0.0659,0,0,0,0.3038,0
"M",0,0,0,0,0,0,0,0,0,0,0,0,0,1,0,0,0,0,0,1,1,0,1,0,0,0,0,0,0.0843,0.15,1,0,0,0,0,0,1,1,0,1,0,0,0,0,0,0,1,1,0.0625,0,1,0,0.1935,0
"M",1,0,0,0,0,0,0,0,0,0,0,0,0,0,0,0,0,0,0,0,1,0,0,0.0519,0,0,0,0,0.1026,0.1507,0,0,0,0,0,0,1,1,0,1,0,0,0,0,0,0,0,0,0,0,0,0,0.2121,0.0899
"M",0,0,0,0,0,0,0,0,0,0,0,0,0,0,0.9875,0,0,0,0,0,0.9855,0,0,0,0,0,0,0,0.0571,0.1429,1,0,0,0,0,0,1,1,0,1,0,0,0,0,0,0,0,0,0.0545,0,0,0,0.1538,0.0933
"M",0,0,0,0,0,0,0,0,0,0,0,0,0,0,0.9211,0,0,0,0,1,0.962,0,1,0,0,0,0,0,0,0.1489,0.9275,0,0,0,0,0,1,1,0,1,0,0,0,0,0,0,1,1,0,0,1,0,0.1395,0
"M",0,0,0,0,0,0,0,0,0,0,0,0,0,1,0,0,0,0,0,1,0.9865,0,1,0,0,0,0,0,0,0.1613,1,0,0,0,0,0,1,1,0,0.9885,0,0,0,0,0,0,1,1,0,0,1,0,0.2258,0
"M",0,0,0,0,0,0,0,0,0,0,0,0,0,0,0,0,0,0,0,1,1,0,1,0,0,0,0,0,0.0909,0.1373,0,0,0,0,0,0,1,1,0,0.9859,0,0,0,0,0,0,1,1,0,0,1,0,0.1429,0.075
"M",0,0,0,0,0,0,0,0,0,0,0,0,0,0,0,0,0,0,0,0,1,0,0,0,0,0,0,0,0,0.1622,0.9855,0,0,0,0,1,1,1,0,1,0,0,0,0,0,0,0,0,0,0,0,0,0.125,0
"M",0,0,0,0,0,0,1,0,0,0,0,0,0,1,0,0,0,0,0,1,1,0,1,0,0,0,0,0,0,0.1875,1,0,0,0,0,0,1,1,0,1,0,0,0,0,0,0,1,1,0,0,1,0,0,0
"M",0,0,0,0,0,0,0,0,0,0,0,0,0,0,0,0,0,0,0,0,1,0,0,0,0,0,0.9846,0,0,0.0926,0,0,0,0,0,0,1,1,0,1,0,0,0,0,0,0,0,0,0,0,0,0,0,0
"M",0,0,0,0,0,0,1,0,0,0,0,0,0,1,0,0,0,0,0,1,0.9875,0,1,0,0,0,0,0,0,0.1346,1,0,0,0,0,0,1,1,0,1,0,0,0,0,0,0,1,1,0,0,1,0,0.2182,0
"M",0,0,0,0,0,0,0,0,0,0,0,0,0,0,0,0,0,0,0,0,1,0,0,0,0,0,0,0,0.0549,0.1667,0.9872,0,0,0,0,0,1,1,0,0.9863,0,0,0,0,0,0,0,0,0,0,0,0,0,0
"M",0,0,0,0,0,0,0,0,0,0,0,0,0,1,0,0,0,0,0,1,1,0,1,0,0,0,0,0,0.0667,0.1905,1,0,0,0,0,1,1,1,0,1,0,0,0,0,0,0,1,1,0,0,1,0,0.2273,0
"M",0,0,0,0,0,0,0,0,0,0,0,0,0,1,0,0,0,0,0,1,1,0,1,0,0,0,0,0,0,0.1452,1,0,0,0,0,0,1,1,0,1,0,0,0,0,0,0,1,1,0,0,1,0,0.1594,0
"M",0,0,0,0,0,0,1,0,0,0,0,0,0,0,0.9859,0,0,0,0,1,0.9888,0,1,0,0,0,0,0,0.0769,0.1765,0.9796,0,0,0,0,0,1,1,0,1,0,0,0,0,0,0,1,1,0,0,1,0,0.0893,0.0909
"M",0,0,0,0.0794,0,0,1,0,0,0,0,0,0,1,0,0,0,0,0,1,1,0,1,0.1325,0,0,0,0,0.1321,0.2,1,0,0,0,0,0,1,1,0,1,0,0,0,0,0,0,1,1,0,0,1,0,0.1915,0
"S",0,0,0,0.0597,0,0,0,0,0,0,0,0,0,0,0,0,0,0,0,0,0,0,0,0.1194,0,0,0,0,0.1622,0.1702,0,0,0,0,0,0,1,1,0,0.9851,0,0,0,0,0,0,0,0,0.0889,0,0,0,0.25,0
"M",0,0,0,0.0909,0,0,0,0,0.9302,0,0,0,0,0,0.9333,0,0,0,0,0,1,0,0,0.15,0,0,0,0,0.1143,0.1091,1,0,0,0,0,0,1,1,0,1,0,0,0,0,0,0,0.069,0.05,0.0976,0,0,0,0.1429,0.1125
"M",0,0,0,0.0933,0,0,1,0,0,0,0,0,0,0,1,0,0,0,0,1,1,0,1,0.1525,0,0,0,0,0,0.1842,0,0,0,0,0,0,1,1,0,1,0,0,0,0,0,0,1,1,0,0,0.9859,0,0.2051,0.0845
"M",0,0,0,0.0822,0,0,0,0,0,0,0,0,0,0,0,0,0,0,0,0,1,0,0,0.0952,0,0,0,0,0,0.1455,1,0,0,0,0,1,1,1,0,1,0,0,0,0,0,0,0,0,0,0,0,0,0.2069,0.1207
"S",0,0,0,0.0787,0,0,0,0,0,0,0,0,0,0,0,0,0,0,0,0,0,0,0,0.1,0,0,0,0,0.1475,0.125,0,0,0,0,0,0,0.9836,1,0,1,0,0,0,0,0,0,0,0,0.0645,0,0,0,0.194,0.0526
"S",0,0,0,0.0792,0,0,0,0,0,0,0,0,0,0,0,0,0,0,0,0,0,0,0,0.0659,0,0,0,0,0.1159,0.1972,0,0,0,0,0,0,1,1,0,1,0,0,0,0,0,0,0,0,0.0769,0,0,0,0.0658,0.0784
"S",0,0,0,0,0,0,0,0,0,0,0,0,0,0,0,0,0,0,0,1,0,0,0,0,0,0,0,0,0.0893,0.1739,0,0,0,0,0,0,1,1,0,1,0,0,0,0,0,0,1,0,0.102,0,1,0,0.2041,0.0556
"S",0,0,0,0.0603,0,0,0,0,0,0,0,0,0,0,0,0,0,0,0,0,0,0,0,0,0,0,0,0,0.0842,0.1579,0,0,0,0,0,0,0.992,1,0,0.9916,0,0,0,0,0,0,0,0,0,0,0,0,0.2222,0.0521
"S",0,0,0,0.0588,0,0,0,0,0,0,0,0,0,0,0,0,0,0,0,1,0,0,1,0,0,0,0,0,0,0.1447,0,0,0,0,0,0,1,1,0,1,0,0,0.0698,0,0,0,1,0.9811,0,0,1,0,0.2432,0.0842
"M",0,0,0,0,0,0,0,0,0,0,0,0,0,1,0,0,0,0,0,1,1,0,1,0,0,0,0,0,0.1149,0.051,1,0,0,0,0,0,1,1,0,1,0,0,0,0,0,0,1,1,0.0638,0,1,0,0.1087,0.0746
"M",0,0,0,0,0,0,0,0,1,0,0,0,0,0,1,0,0,0,0,0,1,0,0,0,0,0,0,0,0,0,1,0,0,0,0,0,1,1,0,1,0,0,0,0,0,0,0,0,0.0827,0,0,0,0.12,0.0598
"M",0,0,0,0.0594,0,0,1,0,0,0,0,0,0,1,0,0,0,0,0,1,1,0,1,0,0,0,0,0,0.0761,0.0909,1,0,0,0,0,0,1,1,0,1,0,0,0,0,0,0,1,0.9823,0.0737,0,0.9917,0,0.1031,0
"S",0,0,0,0.0565,0,0,0,0,0,0,0,0,0,0,0,0,0,0,0,1,0,0,1,0,0,0,0,0,0.0843,0.0789,0,0,0,0,0,0,1,1,0,0.9891,0,0,0,0,0,0,1,1,0,0,0.9911,0,0.1757,0
"M",0,0,0,0,0,0,0,0,0,0,0,0,0,0.9934,0,0,0,0,0,0.9931,1,0,1,0,0,0,0,0,0.0625,0.0763,1,0,0,0,0,0,1,0.9856,0,0.9746,0,0,0,0,0,0,0.9912,0.9926,0.0678,0,1,0,0.1951,0.0846
"M",0,0,0,0.0755,0,0,0,0,0,0,0,0,0,1,0,0,0,0,0,0,1,0,0,0,0,0,0,0,0.1,0.0897,1,0,0,0,0,0,1,1,0,1,0,0,0,0,0,0,0,0,0.0674,0,0,0,0.1375,0.0625
"S",0,0,0,0.0708,0,0,0,0,0,0,0,0,0,0,0,0,0,0,0,0,0,0,0,0,0,0,0,0,0.0658,0.0968,0,0,0,0,0,0,1,1,0,1,0,0,0,0,0,0,0,0,0,0,0,0,0.13,0.0917
"M",0,0,0,0.0841,0,0,0,0,0,0,0,0,0,0,1,0,0,0,0,0,1,0,0,0,0,0,0,0,0.0706,0.1019,0.9912,0,0,0,0,0,1,1,0,1,0,0,0,0,0,0,0,0,0.09,0,0,0,0.1132,0.0684
"S",0,0,0,0,0,0,0,0,0,0,0,0,0,0,0,0,0,0,0,0,0,0,0,0,0,0,0,0,0,0,0,0,0,0,0,0,0.9969,0,0,0,0,0,0,0,0,0,0,0,0,0,0,0,0,0
"S",0,0,0,0.0732,0,0,0,0,0,0,0,0,0,0,0,0,0,0,0,0,0,0,0,0.0655,0,0,0,0,0.1329,0.0698,0,0,0,0,0,0,1,1,0,0.996,0,0,0,0,0,0,0,0,0,0,0,0,0.1497,0.0646
"S",0,0,0,0.0943,0,0,0,0,0,0,0,0,0,0,0,0,0,0,0,0,0,0,0,0.0797,0,0,0,0,0.0909,0.1727,0,0,0,0,0,0,0.9968,0,0,0,0,0,0,0,0,0,0,0,0.0844,0,0,0,0.194,0.0617
"S",0,0,0,0.1117,0,0,0,0,0,0,0,0,0,0,0,0,0,0,0,1,0,0,1,0.1538,0,0,0,0,0.121,0.0983,0,0,0,0,0,0,0.995,0.9905,0,0.99,0,0,0,0,0,0,0.9949,1,0,0,0.9954,0,0.0793,0.0569
"S",0,0,0,0.0587,0,0,0,0,0,0,0,0,0,0,0,0,0,0,0,0.9982,0,0,0.9967,0,0,0,0,0,0,0.1463,0,0,0,0,0,0,0.9994,0.9983,0,0.9884,0,0,0,0,0,0,0.9989,0.9982,0.0752,0,0.9974,0,0.1372,0.0696
"M",0,0,0,0,0,0,0,0,0,0,0,0,0,0,0,0,0,0,0,0.9988,0.9988,0,1,0,0,0,0,0,0,0,0,0,0,0,0,0,1,0.9989,0,1,0,0,0,0,0,0,1,0.9976,0,0,1,0,0.0554,0
"S",0,0,0,0.1087,0,0,0,0,0,0,0,0,0,0,0,0,0,0,0,1,0,0,1,0.0789,0,0,0,0,0.1366,0.12,0,0,0,0,0,0,1,1,0,0.9923,0,0,0,0,0,0,1,1,0.0854,0,1,0,0.1656,0.1019
"S",0,0,0,0.1081,0,0,0,0,0,0,0,0,0,0,0,0,0,0,0,0,0,0,0,0,0,0,0,0,0,0,0,0,0,0,0,0,1,1,0,1,0,0,0,0,0,0,0,0,0,0,0,0,0,0.1
"S",0,0,0,0.0603,0,0,0,0,0,0,0,0,0,0,0,0,0,0,0,1,0,0,1,0.1429,0,0,0,0,0,0.1477,0,0,0,0,0,0,1,1,0,0.9826,0,0,0,0,0,0,1,1,0.1071,0,1,0,0.1573,0.1149
"S",0,0,0,0.1154,0,0,0,0,0,0,0,0,0,0,0,0,0,0,0,0,0,0,0,0,0,0,0,0,0.16,0.1947,0,0,0,0,0,0,1,1,0,0.9852,0,0,0,0,0,0,0,0,0.0929,0,0,0,0.1638,0.0657
"S",0,0,0,0.0704,0,0,0,0,0,0,0,0,0,0,0,0,0,0,0,0,0,0,0,0.12,0,0,0,0,0.1453,0.18,0,0,0,0,0,0,1,0.9929,0,1,0,0,0,0,0,0,0,0,0.075,0,0,0,0.1471,0.097
"S",0,0,0,0.0781,0,0,0,0,0,0,0,0,0,0,0,0,0,0,0,0,0,0,0,0,0,0,0,0,0.1167,0.1982,0,0,0,0,0,0,0.9932,0,0,0,0,0,0,0,0,0,0,0,0,0,0,0,0.2091,0.0709
"S",0,0,0,0,0,0,0,0,0,0,0,0,0,0,0,0,0,0,0,0,0,0,0,0,0,0,0,0,0,0.1774,0,0,0,0,0,0,1,1,0,1,0,0,0,0,0,0,0,0,0,0,0,0,0.1538,0.051
"M",0,0,0,0,0,0,0,0,0,0,0,0,0,0,0,0,0,0,0,1,1,0,1,0,0,0,1,0,0.05,0.1071,0,0,0,0,0,0,1,1,0,1,0,0,0,0,0,0,1,0.9877,0,0,1,0,0.1455,0
"M",0,0,0,0,0,0,0,0,0,0,0,1,0,0,0,0,0,0,0,0.0562,0.9762,0,0,0,0,0,0,0,0,0.2258,0.9877,0,0,0,0,0,1,1,0,1,0,0,0,0,0,0,0,0,0,0,0.0612,0,0.2083,0
"M",1,0,0,0,0,0,0,0,0,0,0,0,0,0,0,0,0,0,0,1,0,0,1,0,0,0,0,0,0.0941,0.1494,1,0,0,0,0,0,1,1,0,1,0,0,0,0,0,0,1,1,0,0,1,0,0.1429,0
"M",1,0,0,0,0,0,1,0,0,0,0,0,0,0,0,0,0,0,0,1,0,0,1,0,0,0,0,0,0,0.1905,0.9861,0,0,0,0,0,1,1,0,1,0,0,0,0,0,0,1,0.974,0,0,0.9873,0,0.1148,0
"S",0,0,0,0.061,0,0,0,0,0,0,0,0,0,0,0,0,0,0,0,0,0,0,0,0,0,0,0,0,0,0.1111,0,0,0,0,0,0,0,0,0,0,0,0,0,0,0,0,0,0,0,0,0,0,0.1628,0.0508
"S",0,0,0,0,0,0,0,0,0,0,0,0,0,0,0,0,0,0,0,0,0,0,0,0.0682,0,0,0,0,0.0984,0.0833,0,0,0,0,0,0,1,0.9927,0,1,0,0,0,0,0,0,0,0,0,0,0,0,0.0606,0.0556
"S",0,0,0,0.0866,0,0,0,0,0,0,0,0,0,0,0,0,0,0,0,1,0,0,0,0,0,0,0,0,0,0,0,0,0,0,0,0,1,0.9863,0,1,0,0,0,0,0,0,1,0,0,0,1,0,0.0991,0
"S",0,0,0,0,0,0,0,0,0,0,0,0,0,0,0,0,0,0,0,1,0,0,1,0,0,0,0,0,0,0.1,0,0,0,0,0,0,1,1,0,1,0,0,0,0,0,0,1,1,0,0,1,0,0.0882,0
"S",0,0,0,0,0,0,0,0,0,0,0,0,0,0,0,0,0,0,0,0,0,0,0,0,0,0,0,0,0,0,0,0,0,0,0,0,1,0,0,0,0,0,0,0,0,0,0,0,0,0,0,0,0,0
"S",0,0,0,0,0,0,0,0,0,0,0,0,0,0,0,0,0,0,0,0,0,0,0,0,0,0,0,0,0,0,0,0,0,0,0,0,1,0,0,0,0,0,0,0,0,0,0,0,0,0,0,0,0,0
"S",0,0,0,0,0,0,0,0,0,0,0,0,0,0,0,0,0,0,0,0,0,0,0,0,0,0,0,0,0,0,0,0,0,0,0,0,1,1,0,1,0,0,0,0,0,0,0,0,0,0,0,0,0.0588,0
"M",0,0,0,0,0,0,0.9905,0,0,0,0,0,0,0.9856,0,0,0,0,0,0,1,0,0,0,0,0,0,0,0,0,0.9735,0,0,0,0,0,0.9901,1,0,0.9892,0,0,0,0,0,0,0,0,0,0,0,0,0.0679,0
"S",0,0,0,0,0,0,0,0,0,0,0,0,0,0,0,0,0,0,0,0,0,0,0,0,0,0,0,0,0,0,0,0,0,0,0,0,1,0,0,0,0,0,0,0,0,0,0,0,0,0,0,0,0.0723,0
"S",0,0,0,0,0,0,0,0,0,0,0,0,0,0,0,0,0,0,0,1,0,0,1,0,0,0,0,0,0,0,0,0,0,0,0,0,1,1,0,1,0,0,0,0,0,0,1,1,0,0,1,0,0.093,0
"S",0,0,0,0,0,0,0,0,0,0,0,0,0,0,0,0,0,0,0,0,0,0,0,0,0,0,0,0,0,0,0,0,0,0,0,0,1,0.9879,0,0.992,0,0,0,0,0,0,0,0,0,0,0,0,0,0
"S",0,0,0,0,0,0,0,0,0,0,0,0,0,0,0,0,0,0,0,0,0,0,0,0,0,0,0,0,0,0,0,0,0,0,0,0,1,0,0,0,0,0,0,0,0,0,0,0,0,0,0,0,0,0
"S",0,0,0,0.0667,0,0,0,0,0,0,0,0,0,0,0,0,0,0,0,0,0,0,0,0.1633,0,0,0,0,0.1509,0.0625,0,0,0,0,0,0,0.9839,1,0,1,0,0,0,0,0,0,0,0,0.0714,0,0,0,0.2388,0.0833
"S",0,0,0,0.0656,0,0,0,0,0,0,0,0,0,0,0,0,0,0,0,0,0,0,0,0.1111,0,0,0,0,0,0.1528,0,0,0,0,0,0,1,1,0,1,0,0,0,0,0,0,0,0,0.09,0,0,0,0.2063,0.1077
"S",0,0,0,0.1849,0,0,0,0,0,0,0,0,0,0,0,0,0,0,0,0,0,0,0,0.181,0,0,0,0,0.1591,0.1636,0,0,0,0,0,0,1,1,0,1,0,0,0.1019,0,0,0,0,0,0.0728,0,0,0,0.2589,0.1217
"S",0,0,0.0543,0.1239,0,0,0,0,0,0,0,0,0,0,0,0,0,0,0,0,0,0,0,0.1548,0,0,0,0,0.1458,0.0745,0,0,0,0,0,0,1,1,0,0.9826,0,0,0,0,0,0,0,0,0.08,0,0,0,0.1717,0.0885
"S",0,0,0,0.1398,0,0,0,0,0,0,0,0,0,0,0,0,0,0,0,0,0,0,0,0.0588,0,0,0,0,0.1045,0.0833,0,0,0,0,0,0,1,1,0,0.9867,0,0,0,0,0,0,0,0,0.0864,0,0,0,0.1014,0.1406
"M",0.0513,0,0,0,0,0,0,0,0,0,0,0,0,0,0,0,0,0,0,0.0884,0.9941,0,0.0511,0,0.0733,0,0,0,0.0648,0,0.9794,0,0,0,0,0.0526,1,0,0,1,0,0,0,0,0,0,0.0803,0,0,0,0,0,0,0
"S",0,0,0,0.1034,0,0,0,0,0,0,0,0,0,0,0,0,0,0,0,0,0,0,0,0.0938,0,0,0,0,0.1429,0.1707,0,0,0,0,0,0,1,0.9839,0,1,0,0,0,0,0,0,0,0,0.0784,0,0,0,0.1538,0
"S",0,0,0,0.0903,0,0,0,0,0,0,0,0,0,0,0,0,0,0,0,0,0,0,0,0.1136,0,0,0,0,0.1361,0.1328,0,0,0,0,0,0,0.9933,1,0,0.9842,0,0,0.0807,0,0,0,0,0,0.1,0,0,0,0.1654,0.1236
"M",0,0,0,0,0,0,0,0,0,0,0,0,0,0,0,0,0,0,0,0,0,0,0,0,0,0,0,0,0,0,0,0,0,0,0,0,1,1,0,1,0,0,0,0,0,0,0,0,0,0,0,0,0,0
"S",0,0,0,0.1273,0,0,0,0,0,0,0,0,0,0,0,0,0,0,0,0,0,0,0,0,0,0,0,0,0.1273,0.0784,0,0,0,0,0,0,1,1,0,1,0,0,0,0,0,0,0,0,0,0,0,0,0.0952,0.0704
"M",0,0,0,0,0,0,0,0,0,0,0,0,0,0,0,0,0,0,0,1,0,0,0,0,0,0,0,0,0.1852,0.1458,0,0,0,0,0,0,1,1,0,1,0,0,0,0,0,0,1,0,0.0606,0,1,0,0.1111,0.0641
"M",0,0,0,0.0556,0,0,0,0,0,0,0,0,0,0,0,0,0,0,0,0,1,0,0,0.069,0,0,0,0,0.0794,0.193,1,0,0,0,0,0,1,1,0,1,0,0,0,0,0,0,0,0,0,0,0,0,0.2459,0
"M",0,0,0,0,0,0,0,0,0,0,0,0,0,0,0,0,0,0,0,0,1,0,0,0.0633,0,0,0,0,0.1071,0.0943,1,0,0,0,0,0,1,1,0,0.9853,0,0,0.0635,0,0,0,0,0,0,0,0,0,0.2069,0
"M",0,0,0,0.0615,0,0,0,0,0,0,0,0,0,0,0,0,0,0,0,0,1,0,0,0.0526,0,0,0,0,0.1549,0.15,1,0,0,0,0,0,1,0.9894,0,0.9901,0,0,0,0,0,0,0,0,0,0,0,0,0.1525,0.1053
"S",0,0,0,0,0,0,0,0,0,0,0,0,0,0,0,0,0,0,0,0.9833,0,0,1,0.0794,0,0,0,0,0,0.2105,0,0,0,0,0,0,1,1,0,1,0,0,0,0,0,0,1,0.9839,0.0909,0,1,0,0,0.0909
"S",0,0,0,0.0909,0,0,0,0,0,0,0,0,0,0,0,0,0,0,0,0.0588,0,0,0,0.0963,0,0,0,0,0.1101,0.1667,0,0,0,0,0,0,1,1,0,0.9921,0,0,0,0,0,0,0.0604,0,0,0,0,0,0.1494,0.0647
"S",0,0,0,0,0,0,0,0,0,0,0,0,0,0,0,0,0,0,0,0,0,0,0,0.1053,0,0,0,0,0.2247,0.1101,0,0,0,0,0,0,1,1,0,1,0,0,0,0,0,0,0,0,0.086,0,0,0,0.2075,0.0714
"S",0,0,0,0,0,0,0,0,0,0,0,0,0,0,0,0,0,0,0,1,0,0,1,0.0625,0,0,0,0,0.134,0.0933,0,0,0,0,0,0,1,1,0,0.9892,0,0,0,0,0,0,1,1,0.0652,0,1,0,0.1899,0.0568
"S",0,0,0,0.0519,0,0,0,0,0,0,0,0,0,0,0,0,0,0,0,1,0,0,1,0.0667,0,0,0,0,0.0778,0.1429,0,0,0,0,0,0,0.9888,1,0,1,0,0,0,0,0,0,1,0.987,0,0,1,0,0.1875,0.1031
"S",0,0,0,0,0,0,0,0,0,0,0,0,0,0,0,0,0,0,0,1,0,0,0,0,0,0,0,0,0,0,0,0,0,0,0,0,0.9905,1,0,1,0,0,0,0,0,0,0.9938,0,0,0,0.9928,0,0,0
"S",0,0,0,0,0,0,0,0,0,0,0,0,0,0,0,0,0,0,0,1,0,0,0,0,0,0,0,0,0,0,0,0,0,0,0,0,1,0.9941,0,0.9922,0,0,0,0,0,0,1,0,0,0,1,0,0,0
"M",0,0,0,0.0861,0,0,0,0,0,0,0,0,0,0,0,0,0,0,0,0.9966,0,0,0,0,0,0,0,0,0,0.1971,0,0,0,0,0,0,1,1,0,0.9963,0,0,0,0,0,0,0.997,0,0,0,1,0,0,0
"M",0,0,0,0.1187,0,0,0,0,0,0,0,0,0.9965,0,0,0,0,0,0,0,1,0,0,0,0,0,0,0,0,0.131,0,0,0,0,0,0,1,1,0,1,0,0,0,0,0,0,0,0,0,0,0,0,0,0
"M",0,0,0,0,0,0,0,0,0,0,0,0,0.9951,0,0,0,0,0,0,0,0,0,0,0,0,0,0,0,0,0,0,0,0,0,0,0,0.9978,1,0,1,0,0,0,0,0,0,1,0,0,0,1,0,0,0
"M",0,0,0,0.0694,0,0,0,0,0,0,0,0,0,0,0,0,0,0,0,0,0,0,0,0.1667,0,0,0,0,0.0746,0,0,0,0,0,0,0,0.99,1,0,0.9833,0,0,0.1026,0,0,0,0,0,0,0,0,0,0,0.0794
"M",0,0,0,0,0,0.1136,0,0,0,0,0,0,0,0,0,0,0,0,0,0,0.9609,0,0,0,0,0,0,0.9883,0,0,0,0,0,0,0,0,0.9863,0.9886,0,0.9578,0,0,0,0.0929,0.0968,0,0,0,0,0,0,0,0,0
"M",0,0,0,0,0,0.1278,0,0,0,0,0,0,0,0,0,0,0,0,0,0,0.9878,0,0,0,0,0,0,0,0,0,0.9602,0,0,0,0,0,0.9808,0.9812,0,0.9423,0,0,0,0.0964,0.1298,0,0,0,0,0,0,0,0,0
"M",0,0,0,0,0,0.1049,0,0,0,0,0,0,0,0,0,0,0,0,0,0,0.9648,0,0,0,0,0,0,0,0,0,0.9483,0,0,0,0,0,0.9739,0.9676,0,0.9759,0,0,0,0.1033,0.1142,0,0,0,0,0,0,0,0,0
"M",0,0,0,0,0,0.0875,0,0,0,0,0,0,0,0,0,0,0,0,0,0,0,0,0,0,0,0,0,0,0,0,0.9749,0,0,0,0,0,0.9921,0.976,0,0.9725,0,0,0,0.0792,0.1368,0,0,0,0,0,0,0,0,0
"M",0,0,0,0,0,0.0779,0,0,0,0,0,0,0,0,0,0,0,0,0,0,0.9803,0,0,0,0,0,0,0,0,0,0.9668,0,0,0,0,0,0.9907,0.9846,0,0.9431,0,0,0,0.0978,0.1003,0,0,0,0,0,0,0,0.0539,0
"M",0,0,0,0,0,0.0849,0.9842,0,0,0,0,0,0,0,0,0,0,0,0,0.9818,0.9788,0,0.9519,0,0,0,0,0,0,0,0.956,0,0,0,0,0,0.9704,0.977,0,0.9688,0,0,0,0.0881,0.0956,0,0.9948,0.9866,0,0,0.9451,0,0,0
"M",0,0,0,0,0,0,0,0,0,0,0,0,0,0,0,0,0,0,0,0,1,0,0,0,0,0,0,0,0,0.0536,0,0,0,0,0,0,1,1,0,1,0,0,0,0,0,0,0,0,0,0,0,0,0,0
"M",0,0,0,0,0,0,0,0,0,0,0,0,0,0,0,0,0,0,0,0,0.9905,0,0,0,0,0,0,0,0,0,0.987,0,0,0,0,0,0.992,1,0,0.9774,0,0,0,0,0,0,0,0,0,0,0,0,0,0.0583
"M",0,0,0,0.0693,0,0,0,0,0,0,0,0,0,0,0.9979,0,0,0,0,1,1,0,1,0,0,0,1,0,0,0.1394,0,0,0,0,0,0,1,1,0,1,0,0,0,0,0,0,1,1,0,0,0.9977,0,0.0524,0.0647
"M",0,0,0,0.0812,0,0,0.9915,0,0,0,0,0,0,1,0,0,0,0,0,1,1,0,1,0,0,0,0,0,0,0.1845,1,0,0,0,0,0,1,1,0,0.9916,0,0,0,0,0,0,0.9963,1,0,0,1,0,0,0.0735
"M",0,0,0,0.0874,0,0,0,0,0,0,0,0,0,0,0.9878,0,0,0,0,1,0.9962,0,0.9958,0,0,0,0,0,0,0,0.998,0,0,0,0,0.9922,1,0.9985,0,1,0,0,0,0,0,0,0.9967,0.9939,0,0,0.9926,0,0,0.0526
"M",0,0,0,0.0727,0,0,0,0,0,0,0,0,0,0.9983,0,0,0,0,0,1,1,0,1,0,0,0,0,0,0,0,0.9975,0,0,0,0,0,0.9954,0.9979,0,1,0,0,0,0,0,0,1,1,0,0,1,0,0,0.0577
"M",0,0,0,0.0893,0,0,0,0,0,0,0,0,0,0,0,0,0,0,0,1,0,0,1,0,0,0,0,0,0,0,0.9949,0,0,0,0,0,1,1,0,1,0,0,0,0,0,0,1,1,0,0,1,0,0,0
"M",0,0,0,0.0615,0,0,0.9968,0,0,0,0,0,0,0.9978,0,0,0,0,0,1,0.9967,0,1,0,0,0,0,0,0,0,1,0,0,0,0,0,1,1,0,1,0,0,0,0,0,0,1,1,0,0,1,0,0,0.0588
"M",0,0,0,0.0729,0,0,0,0,0,0,0,0,0,1,0,0,0,0,0,0.9937,1,0,1,0,0,0,0,0,0,0,0.9982,0,0,0,0,0,1,1,0,1,0,0,0,0,0,0,1,1,0,0,1,0,0,0
"M",0,0,0,0,0,0,1,0,0,0,0,0,0,1,0,0,0,0,0,0,1,0,0,0,0,0,0,0,0,0,0.995,0,0,0,0,0,1,1,0,1,0,0,0,0,0,0,0,0,0,0,0,0,0,0.067
"M",0,0,0,0.1195,0,0,0,0,0,0,0,0,0,1,0,0,0,0,0,1,1,0,1,0,0,0,0,0,0,0,1,0,0,0,0,0,0.9978,1,0,1,0,0,0,0,0,0,1,1,0,0,1,0,0,0.0519
"M",0,0,0,0.1099,0,0,0,0,0,0,0,0,0,1,0,0,0,0,0,1,0,0,1,0,0,0,0,0,0,0,1,0,0,0,0,0,1,1,0,1,0,0,0,0,0,0,1,0.9983,0,0,1,0,0,0
"M",0,0,0,0.0962,0,0,1,0,0,0,0,0,0,1,0,0,0,0,0,0,0.9957,0,0,0,0,0,0,0,0,0,0.9956,0,0,0,0,0,1,1,0,1,0,0,0.0682,0,0,0,0,0,0,0,0,0,0,0.0762
"M",0,0,0,0.0892,0,0,0,0,0,0,0,0,0,1,0,0,0,0,0,1,1,0,0.9973,0,0,0,0,1,0,0,0,0,0,0,0,0,1,1,0,1,0,0,0,0,0,0,0.9951,1,0,0,1,0,0,0
"M",0,0,0,0,0,0,0,0,0,0,0,0,0,0.9976,0,0,0,0,0,1,1,0,1,0,0,0,0,0,0,0.142,0.9942,0,0,0,0,0,1,1,0,1,0,0,0,0,0,0,1,1,0,0,0.9972,0,0,0
"M",0,0,0,0.0513,0,0,0,0,0,0,0,0,0,0,0,0,0,0,0,0,0,0,0,0,0,0,0,0,0,0,1,0,0,0,0,0,1,1,0,1,0,0,0,0,0,0,0,0,0,0,0,0,0,0.1159
"S",0,0,0,0.0577,0,0,0,0,0,0,0,0,0,0,0,0,0,0,0,0,0,0,0,0,0,0,0,0,0,0,0,0,0,0,0,0,1,1,0,1,0,0,0.0714,0,0,0,0,0,0,0,0,0,0,0.0615
"M",0,0,0,0,0,0,0,0,0,0,0,0,1,0,0,0,0,0,0,0,1,0,0,0,0,0,0,0,0,0,0,0,0,0,0,0,1,1,0,1,0,0,0,0,0,0,0,0,0,0,0,0,0,0.0732
"S",0,0,0,0,0,0,0,0,0,0,0,0,0,0,0,0,0,0,0,0,0,0,0,0,0,0,0,0,0,0.0657,0,0,0,0,0,0,0.9981,0.9979,0,0.9979,0,0,0,0,0,0,0,0,0,0,0,0,0,0
"M",0,0,0,0,0,0,0,0,0,0,0,0,0,0,0,0,0,0,0,0.994,1,0,1,0,0,0,0,0,0,0.053,0,0,0,0,0,0,1,1,0,1,0,0,0,0,0,0,0.9947,1,0,0,0.991,0,0,0
"M",0,0,0,0,0,0,0,0,0,0,0,0,0,0,0,0,0,0,0,1,1,0,1,0,0,0,0,0,0,0.0621,0,0,0,0,0,0,1,1,0,1,0,0,0,0,0,0,0.9959,1,0,0,1,0,0,0
"M",0,0,0,0,0,0,0,0,0,0,0,0,0,0,0,0,0,0,0,1,1,0,1,0,0,0,0,0,0,0,0,0,0,0,0,0,1,1,0,0.9851,0,0,0,0,0,0,1,0.9951,0,0,1,0,0,0
"M",0,0,0,0.1071,0,0,0,0,0,0,0,0,0,0,0,0,0,0,0,0.987,0.9859,0,0.9841,0,0,0,0,0,0,0.0577,0,0,0,0,0,0,0.988,1,0,1,0,0,0,0,0,0,1,0.9859,0,0,1,0,0.0536,0
"M",0,0,0,0,0,0,0,0,0,0,0,0,0,0,0,0,0,0,0,0.9928,0.9935,0,0.9891,0,0,0,0,0,0,0.0667,0,0,0,0,0,0,1,1,0,0.9955,0,0,0,0,0,0,0.9958,1,0,0,0.9964,0,0,0
"M",0,0,0,0,0,0,0,0,0,0,0,0,0,0,0,0,0,0,0,0.9951,1,0,0.9917,0,0,0,0,0,0,0.099,0,0,0,0,0,0,1,1,0,1,0,0,0,0,0,0,1,1,0,0,1,0,0,0
"S",0,0,0,0,0,0,0,0,0,0,0.9796,0,0,0,0,0,0,0,0,1,0,0,1,0,0,0,0,0,0.0588,0.0536,0,0,0,0,0,0,0.9907,1,0,1,0,0,0,0,0,0,0.9792,0.9925,0,0,0.9891,0,0.0517,0
"M",0,0,0,0.2738,0,0,0,0,0,0,0,0,0,1,0,0,0,0,0,1,0.9794,0,1,0,0,0,0,0,0,0,1,0,0,0,0,0,1,1,0,1,0,0,0.2258,0,0,0,1,1,0,0,1,0,0.0732,0.1282
"M",0,0,0,0.1849,0,0,1,0,0,0,0,0,0,1,0,0,0,0,0,1,1,0,1,0,0,0,0,0,0,0,0.9931,0,0,0,0,0,1,1,0,1,0,0,0.0952,0,0,0,1,1,0,0,1,0,0,0.1935
"M",0,0,0,0.3418,0,0,0.1616,0,0,0,0,0,0,0,0.2159,0,0,0,0,1,0.2088,0,1,0,0,0,0,0,0,0,0.1579,0,0,0,0,0,1,1,0,0.9907,0,0,0.1111,0,0,0,1,1,0,0,1,0,0.0714,0.15
"M",0,0,0,0.1591,0,0,0,0,0,0,0,0,0,0,0.9865,0,0,0,0,1,1,0,1,0,0,0,0,0,0,0,1,0,0,0,0,0,0.98,0.9825,0,1,0,0,0.25,0,0,0,1,1,0,0,1,0,0,0.1667
"M",0,0,0,0.1837,0,0,0,0,1,0,0,0,0,1,0,0,0,0,0,0.9902,1,0,1,0.08,0,0,0,0,0,0,0,0,0,0,0,0,1,1,0,1,0,0,0.1458,0,0,0,1,1,0,0,1,0,0,0.1698
"M",0,0,0,0.0952,0,0,1,0,0,0,0,0,0,1,0,0,0,0,0,1,0.9905,0,1,0,0,0,0,0,0,0,1,0,0,0,0,0,1,1,0,0.9928,0,0,0,0,0,0,1,1,0,0,1,0,0,0.0827
"M",0,0,0,0.2209,0,0,0,0,0,0,0,0,0,0,1,0,0,0,0,1,0.9905,0,1,0,0,0,0,0,0,0,0,0,0,0,0,0,1,1,0,1,0,0,0.1951,0,0,0,0.995,1,0,0,0.9936,0,0,0.1768
"M",0,0,0,0.1528,0,0,0,0,0,0,0,0,0,0.9948,0,0,0,0,0,0.9887,0.9939,0,1,0,0,0,0,0,0,0,1,0,0,0,0,0,1,1,0,1,0,0,0.0543,0,0,0,1,1,0,0,1,0,0,0.0816
"M",0,0,0,0.2292,0,0,0,0,0,0,1,0,0,0.9863,0,0,0,0,0,1,1,0,1,0,0,0,0,0,0,0,0,0,0,0,0,1,1,1,0,1,0,0,0.3333,0,0,0,1,1,0,0,1,0,0,0.0545
"M",0,0,0,0.0769,0,0,0,0,0,0,0,0,0,1,0,0,0,0,0,1,1,0,1,0,0,0,0,0,0,0,0.9912,0,0,0,0,0,1,1,0,1,0,0,0,0,0,0,1,1,0,0,1,0,0,0.0795
"M",0,0,0,0.2178,0,0,0.9892,0,0,0,0,0,0,1,0,0,0,0,0,1,0.9899,0,1,0,0,0,0,0,0,0,0,0,0,0,0,0,0.9903,1,0,0.9912,0,0,0.0606,0,0,0,1,0.9934,0,0,1,0,0.0588,0.1961
"M",0,0,0,0.1884,0,0,0,0,0,0,0,0,0,1,0,0,0,0,0,1,1,0,1,0,0,0,0,0,0,0,1,0,0,0,0,0,1,1,0,1,0,0,0,0,0,0,1,1,0,0,1,0,0.061,0.1858
"M",0,0,0,0.2,0,0,0,0,0,0,0,0,0,1,0,0,0,0,0,1,1,0,0.98,0,0,0,0,0,0,0,1,0,0,0,0,0.9894,1,1,0,1,0,0,0.16,0,0,0,1,1,0,0,1,0,0.1351,0.1471
"S",0,0,0,0.2,0,0,0,0,0,0,0,0,0,0,0,0,0,0,0,1,0,0,0,0.0667,0,0,0,0,0,0,0,0,0,0,0,0,1,1,0,1,0,0,0.15,0,0,0,1,0,0,0,1,0,0,0.187
"S",0,0,0,0.1017,0,0,0,0,0,0,0,0,0,0,0,0,0,0,0,1,0,0,0,0,0,0,0,0,0,0,0,0,0,0,0,0,1,1,0,0.9744,0,0,0.0769,0,0,0,1,0,0.0531,0,1,0,0,0.1038
"S",0,0,0,0.1091,0,0,0,0,0,0,0,0,0,0,0,0,0,0,0,0.9894,0,0,0.0602,0,0,0,0,0,0,0,0,0,0,0,0,0,1,0.9919,0,1,0,0,0.0857,0,0,0,1,0,0,0,1,0,0,0.0611
"S",0,0,0,0.0972,0,0,0,0,0,0,0,0,0,0,0,0,0,0,0,1,0,0,1,0,0,0,0,0,0,0,0,0,0,0,0,0,1,1,0,0.9875,0,0,0.1163,0,0,0,1,1,0,0,1,0,0,0.0633
"S",0,0,0,0.2019,0,0,0,0,0,0,0,0,0,0,0,0,0,0,0,0,0,0,0,0,0,0,0,0,0,0,0,0,0,0,0,0,1,0,0,0,0,0,0.1818,0,0,0,0,0,0,0,0,0,0.0526,0.1333
"S",0,0,0,0.1333,0,0,0,0,0,0,0,0,0,0,0,0,0,0,0,1,0,0,0,0,0,0,0,0,0,0,0,0,0,0,0,0,1,1,0,1,0,0,0.1818,0,0,0,1,0,0.0538,0,1,0,0,0.1774
"S",0,0,0,0.2,0,0,0,0,0,0,0,0,0,0,0,0,0,0,0,1,0,0,1,0,0,0,0,0,0,0,0,0,0,0,0,0,1,1,0,1,0,0,0,0,0,0,1,1,0,0,0.9804,0,0,0.2632
"S",0,0,0,0.1375,0,0,0,0,0,0,0,0,0,0,0,0,0,0,0,1,0,0,0,0,0,0,0,0,0,0,0,0,0,0,0,0,1,1,0,1,0,0,0.0972,0,0,0,1,0,0,0,1,0,0,0.1882
"S",0,0,0,0.2391,0,0,0,0,0,0,0,0,0,0,0,0,0,0,0,1,0,0,0,0,0,0,0,0,0,0,0,0,0,0,0,0,0.9878,1,0,1,0,0,0.1594,0,0,0,0.9926,0,0,0,1,0,0,0.1393
"S",0,0,0,0.0714,0,0,0,0,0,0,0,0,0,0,0,0,0,0,0,0,0,0,0,0,0,0,0,0,0,0,0,0,0,0,0,0,1,1,0,1,0,0,0.2097,0,0,0,0,0,0,0,0,0,0,0.1322
"S",0,0,0,0.1505,0,0,0,0,0,0,0,0,0,0,0,0,0,0,0,0.9885,0,0,0,0.0727,0,0,0,0,0,0,0,0,0,0,0,0,0.9891,1,0,1,0,0,0.0984,0,0,0,1,0,0,0,1,0,0,0.1368
"S",0,0,0,0.1455,0,0,0,0,0,0,0,0,0,0,0,0,0,0,0,1,0,0,0,0,0,0,0,0,0,0,0,0,0,0,0,0,1,1,0,1,0,0,0.1818,0,0,0,1,0,0,0,1,0,0,0.2329
"S",0,0,0,0.193,0,0,0,0,0,0,0,0,0,0,0,0,0,0,0,1,0,0,0,0,0,0,0,0,0,0,0,0,0,0,0,0,1,1,0,0.9912,0,0,0.1905,0,0,0,1,0,0,0,1,0,0,0.1951
"S",0,0,0,0.1349,0,0,0,0,0,0,0,0,0,0,0,0,0,0,0,1,0,0,1,0,0,0,0,0,0,0,0,0,0,0,0,0,1,1,0,1,0,0,0.0938,0,0,0,1,1,0,0,1,0,0,0.1894
"S",0,0,0,0.178,0,0,0,0,0,0,0,0,0,0,0,0,0,0,0,1,0,0,1,0,0,0,0,0,0,0,0,0,0,0,0,0,1,1,0,1,0,0,0.1413,0,0,0,1,1,0,0,0.9924,0,0,0.2143
"S",0,0,0,0.2193,0,0,0,0,0,0,0,0,0,0,0,0,0,0,0,1,0,0,0,0,0,0,0,0,0,0,0,0,0,0,0,0,1,1,0,0.9946,0,0,0.1068,0,0,0,1,0,0,0,1,0,0,0.2335
"S",0,0,0,0.1443,0,0,0,0,0,0,0,0,0,0,0,0,0,0,0,0.988,0,0,0.9867,0,0,0,0,0,0,0,0,0,0,0,0,0,1,1,0,1,0,0,0.1148,0,0,0,1,1,0,0,1,0,0,0.2143
"M",0,0,0,0,0,0,0,0,0,0,0,0,0,0,0,0,0,0,0,1,1,0,0,0,0,0,1,0,0,0,0,0,0,0,0,0,1,1,0,1,0,0,0,0,0,0,1,0,0,0,1,0,0,0
"M",0,0,0,0,0,0,0,0,0,0,0,0,0.1026,0,0,0,0,0,0,1,1,0,0,0,0,0,0,0,0,0,0,0,0,0,0,0,1,1,0,0.9848,0,0,0,0,0,0,1,0,0,0,1,0,0,0
"M",0,0,0,0,0,0,0,0,0,0,0,0,0,0,0,0,0,0,0,1,0.6585,0,0,0,0,0,0,0,0,0,0.9444,0,0,0,0,0,1,0,0,1,0,0,0,0,0,0,0.9643,0,0,0,1,0,0,0
"M",0,0,0,0.102,0,0,1,0,0,0,0,0,0,0,0,0,0,0,0,1,1,0,0,0,0,0,1,0,0,0,0,0,0,0,0,0,1,1,0,1,0,0,0,0,0,0,1,0,0,0,1,0,0.122,0
"M",0,0,0,0,0,0,0,0,0,0,0,0,0,0,0,0,0,0,0,1,0,0,0,0,0,0,0,0,0,0,1,0,0,0,0,0,1,1,0,1,0,0,0,0,0,0,1,0,0,0,1,0,0,0
"M",0,0,0,0,0,0,0,0,0,0,0,0,0,1,0,0,0,0,0,1,1,0,0,0,0,0,0,0,0,0,0,0,0,0,0,0,1,1,0,0.9922,0,0,0,0,0,0,1,0,0,0,1,0,0,0
"M",0,0,0,0,0,0,0,0,0,0,0,0,0,0,0,0,0,0,0,1,0.3333,0,0,0,0,0,0,0,0,0,1,0,0,0,0,0,1,0,0,1,0,0,0,0,0,0,1,0,0,0,1,0,0,0
"M",0,0,0,0.0617,0,0,1,0,0,0,0,0,0,0,0,0,0,0,0,1,0,0,0,0,0,0,0.991,0,0,0,0,0,0,0,0,0,1,1,0,0.9922,0,0,0,0,0,0,1,0,0.0538,0,1,0,0.1443,0.0633
"S",0,0,0,0,0,0,0,0,0,0,0,0,0,0,0,0,0,0,0,1,0,0,0,0,0,0,0,0,0,0,0,0,0,0,0,0,1,1,0,0.9778,0,0,0,0,0,0,1,0,0,0,1,0,0,0
"M",0,0,0,0,0,0,0,0,0,0,0,0,0,0,0,0,0,0,0,1,1,0,0,0,0,0,0,0,0,0,0,0,0,0,0,0,1,0.9848,0,1,0,0,0,0,0,0,1,0,0,0,0.9844,0,0,0
"S",0,0,0,0,0,0,0,0,0,0,0,0,0,0,0,0,0,0,0,1,0,0,0,0,0,0,0,0,0,0,0,0,0,0,0,0,1,1,0,0.9842,0,0,0,0,0,0,1,0,0,0,1,0,0,0
"M",0,0,0,0,0,0,0,0,0,0,0,0,0,0,0,0,0,0,0,1,1,0,0,0,0,0,0,0,0,0,0,0,0,0,0,0,1,1,0,1,0,0,0,0,0,0,1,0,0,0,1,0,0,0
"S",0,0,0,0,0,0,0,0,0,0,0,0,0,0,0,0,0,0,0,0,0,0,0,0,0,0,0,0,0,0,0,0,0,0,0,0,0.9965,0.9924,0,1,0,0,0,0,0,0,0,0,0,0,0,0,0,0
"S",0,0,0,0,0,0,0,0,0,0,0,0,0,0,0,0,0,0,0,0,0,0,0,0,0,0,0,0,0,0,0,0,0,0,0,0,1,0.996,0,1,0,0,0,0,0,0,0,0,0,0,0,0,0,0
"S",0,0,0,0,0,0,0,0,0,0,0,0,0,0,0,0,0,0,0,0,0,0,0,0,0,0,0,0,0,0,0,0,0,0,0,0,1,0.9949,0,1,0,0,0,0,0,0,0,0,0,0,0,0,0,0
"S",0,0,0,0,0,0,0,0,0,0,0,0,0,0,0,0,0,0,0,0,0,0,0,0,0,0,0,0,0,0,0,0,0,0,0,0,1,0.9936,0,1,0,0,0,0,0,0,0,0,0,0,0,0,0,0
"S",0,0,0,0,0,0,0,0,0,0,0,0,0,0,0,0,0,0,0,0,0,0,0,0,0,0,0,0,0,0,0,0,0,0,0,0,0.9957,0.9963,0,0.9964,0,0,0,0,0,0,0,0,0,0,0,0,0,0
"S",0,0,0,0,0,0,0,0,0,0,0,0,0,0,0,0,0,0,0,1,0,0,1,0,0,0,0,0,0,0,0,0,0,0,0,0,1,0.9933,0,0.9942,0,0,0,0,0,0,1,0.9924,0,0,0.9926,0,0,0
"S",0,0,0,0,0,0,0,0,0,0,0,0,0,0,0,0,0,0,0,0.9948,0,0,0,0,0,0,0,0,0,0,0,0,0,0,0,0,1,1,0,0.996,0,0,0,0,0,0,0.9946,0,0,0,1,0,0,0
"M",0,0,0,0,0,0,0,0,0,0,0,0,0,0,0,0,0,0,0,1,0.9944,0,1,0,0,0,0,0,0,0,0,0,0,0,0,0,0.9908,0.9943,0,1,0,0,0,0,0,0,0.9943,0.9945,0,0,1,0,0,0
"M",0,0,0,0,0,0,0,0,0,0,0,0,1,0,0,0,0,0,0,1,0.9914,0,0.9831,0,0,0,0,0,0,0,0,0,0,0,0,0,1,1,0,1,0,0,0,0,0,0,0.9923,1,0,0,1,0,0,0
"M",0,0,0,0,0,0,0,0,0,0,0,0,0,0.9688,0,0,0,0,0,1,0.9318,0,1,0,0,0,0,0,0,0,0,0,0,0,0,0,1,0.9839,0,1,0,0,0,0,0,0,0.9792,0.9792,0,0,0.9811,0,0,0
"M",0,0,0,0,0,0,0,0,0,0,0,0,0,0.9756,0,0,0,0,0,1,0.9818,0,1,0,0,0,0,0,0,0,1,0,0,0,0,0,1,1,0,1,0,0,0,0,0,0,1,1,0,0,1,0,0,0
"M",0,0,0,0,0,0,0,0,0,0,0,0,1,0,0,0,0,0,0,1,0,0,0,0,0,0,0,0,0,0,0,0,0,0,0,0,0.9936,0.9863,0,1,0,0,0,0,0,0,1,0,0,0,1,0,0,0
"M",0,0,0,0,0,0,0,0,0,0,0,0,0,0.9842,0,0,0,0,0,0,1,0,0,0,0,0,0,0,0,0,0,0,0,0,0,0,0.9953,1,0,1,0,0,0,0,0,0,0,0,0,0,0,0,0,0
"M",0,0,0,0,0,0,0,0,0,0,0,0,0,0,0,0,0,0,0,1,0.9914,0,1,0,0,0,0,0.9949,0,0,0,0,0,0,0,0,0.9861,1,0,0.9967,0,0,0,0,0,0,1,0.9958,0,0,0.9962,0,0,0
"S",0,0,0,0,0,0,0,0,0,0,0,0,0,0,0,0,0,0,0,0.9907,0,0,0.9844,0,0,0,0,0,0,0,0,0,0,0,0,0,1,1,0,1,0,0,0,0,0,0,0.996,0.9957,0,0,0.9811,0,0,0
"M",0,0,0,0,0,0,0,0,0,0,0,0,0,0,0,0,0,0,0,1,1,0,0,0,0,0,0,0,0,0,0,0,0,0,0,0,1,1,0,1,0,0,0,0,0,0,1,0,0,0,1,0,0,0
"M",0,0,0,0,0,0,0,0,0,0,0,0,0.2833,0,0,0,0,0,0,1,1,0,1,0,0,0,0,0,0,0,0,0,0,0,0,0,1,1,0,1,0,0,0,0,0,0,1,1,0,0,1,0,0,0
"M",0,0,0,0,0,0,0,0,0,0,0,0,0,0,0,0,0,0,0,1,0,0,1,0,0,0,0.1053,0.2456,0,0,0,0,0,0,0,0,0.9839,0.9863,0,1,0,0,0,0,0,0,1,1,0,0,0.9882,0,0,0
"M",0,0,0,0,0,0,0,0,0,0,0,0,0,0.9946,0,0,0,0,0,1,0,0,0.9884,0,0,0,0,0.8213,0,0,0,0,0,0,0,0,1,1,0,1,0,0,0,0,0,0,0.9946,0.9896,0,0,0.9889,0,0,0
"M",0,0,0,0,0,0,0,0,0,0,0,0,0,1,0,0,0,0,0,1,1,0,0.98,0,0,0,0,0,0,0,1,0,0,0,0,0,1,0.9853,0,1,0,0,0,0,0,0,0.9833,1,0,0,1,0,0,0
"S",0,0,0,0,0,0,0,0,0,0,0,0,0,0,0,0,0,0,0,1,0,0,0,0,0,0,0,0,0,0,0,0,0,0,0,0,1,0.9808,0,1,0,0,0,0,0,0,1,0,0,0,1,0,0,0
"M",0,0,0,0,0,0,0,0,0,0,0,0,0,1,0,0,0,0,0,1,1,0,1,0,0,0,0,0,0,0,0.993,0,0,0,0,0,1,0.9937,0,0.9884,0,0,0,0,0,0,1,1,0,0,0.9845,0,0,0
"S",0,0,0,0,0,0,0,0,0,0,0,0,0,0,0,0,0,0,0,0.9956,0,0,1,0,0,0,0,0,0,0,0,0,0,0,0,0,0.9962,1,0,0.9965,0,0,0,0,0,0,1,0.9874,0,0,0.9925,0,0,0
"M",0,0,0,0,0,0,0,0,0,0,0,0,0,1,0,0,0,0,0,1,1,0,0,0,0,0,0,0,0,0,0,0,0,0,0,0,1,1,0,1,0,0,0,0,0,0,1,0,0,0,1,0,0,0.075
"M",0,0,0,0.1154,0,0,0,0,0,0,0,0,0,0,0,0,0,0,0,0,1,0,0,0,0,0,0,0,0,0,1,0,0,0,0,0,1,1,0,1,0,0,0,0,0,0,0,0,0,0,0,0,0,0.0686
"M",0,0,0,0,0,0.1,0,0,0,0,0,0,0,0,0,0,0,0,0,0,1,0,0,0,0,0,0,0,0,0,0.9765,0,0,0,0.1064,1,0.9865,1,0,0.9796,0,0,0,0.2308,0.1475,0,0,0,0,0,0,0,0,0
"M",0,0,0,0,0,0,0,0,0,0,0,0,0,0,0,0,0,0,0,0,1,0,0,0,0,0,0,0,0,0,1,0,0,0,0,0,1,1,0,1,0,0,0,0,0,0,0,0,0,0,0,0,0,0.0508
"S",0,0,0,0,0,0.1146,0,0,0,0,0,0,0,0,0,0,0,0,0,0,0,0,0,0,0,0,0,0,0,0,0,0,0,0,0,0,1,1,0,1,0,0,0,0.1584,0.1789,0,0,0,0,0,0,0,0,0
"S",0,0,0,0,0,0.1183,0,0,0,0,0,0,0,0,0,0,0,0,0,0,0,0,0,0,0,0,0,0,0,0,0,0,0,0,0.0725,0,1,1,0,1,0,0,0,0,0.1034,0,0,0,0,0,0.0571,0,0,0
"S",0,0,0,0,0,0.0636,0,0,0,0,0,0,0,0,0,0,0,0,0,1,0,0,0,0,0,0,0,0,0,0,0,0,0,0.0986,0.0678,0,1,0.9804,0,0.9897,0,0,0,0.1091,0.0561,0,1,0,0,0,1,0,0,0
"S",0,0,0,0,0,0,0,0,0,0,0,0,0,0,0,0,0,0,0,0,0,0,0,0,0,0,0,0,0,0,0,0,0,0,0,0,1,0.9756,0,1,0,0,0,0,0,0,0,0,0,0,0,0,0,0
"M",0,0,0,0,0,0,0,0,0,0,0,0,0,1,0,0,0,0,0,1,1,0,1,0,0,0,0,0,0,0,1,0,0,0,0,0,1,1,0,1,0,0,0,0,0,0,1,1,0,0,1,0,0,0
"M",0,0,0,0,0,0,0,0,0,0,0,0,0,0.9947,0,0,0,0,0,1,0.9869,0,0.9897,0,0,0,0,0,0,0,0.9953,0,0,0,0,0,0.9955,1,0,0.9931,0,0,0,0,0,0,0.9865,0.9955,0,0,0.9957,0,0,0
"M",0,0,0,0,0,0,1,0,0,0,0,0,0,0,0,0,0,0,0,1,1,0,0.9943,0,0,0,0,0,0,0,0,0,0,0,0,0,0.9935,1,0,1,0,0,0,0,0,0,0.9913,1,0,0,0.9947,0,0,0
"M",0,0,0,0,0,0.1524,0.9934,0,0,0.0569,0,0,0,0.9923,0,0,0,0,0,1,0,0,1,0,0,0,0,0,0,0,1,0.0588,0,0.098,0,0,0.9748,1,0,1,0,0,0,0.215,0.1226,0,0.9914,0.9929,0,0,0.9394,0,0,0
"M",0,0,0,0,1,0.1527,0,0,0,0,0,0,0,1,0,0,0,0,0,0.98,0,0,0.988,0,0,0,0,0,0,0,1,0,0,0.0923,0.1013,0.9938,0.9926,0.9925,0,0.9829,0,0,0,0.1866,0.127,0.05,0.9808,0.9931,0,0,0.9685,0,0,0
"M",0,0,0,0,1,0.1159,0.9843,0,0,0.0747,0,0,0,1,0,0,0,0,0,1,0,0,1,0,0,0,0,0,0,0,1,0.0671,0,0,0.093,0,0.9935,0.989,0,0.9941,0,0,0,0.1655,0.1176,0,1,1,0,0,0.9677,0,0,0
"M",0,0,0,0,0,0.1064,0,0,0,0,0,0,0,1,0,0,0,0,0,1,0,0,1,0,0,0,0,0,0,0,1,0,0,0,0,0,0.9839,0.9858,0,0.9778,0,0,0,0.0891,0.0652,0,1,0.9855,0,0,0.9593,0,0,0
"M",0,0,0,0,0.9915,0.0938,0,0,0,0.0537,0,0,0,1,0,0,0,0,0,1,0,0,0.9917,0,0,0,0,0,0,0,1,0.0797,0,0.0538,0.0568,0,0.9923,1,0,0.9928,0,0,0,0.1458,0.0899,0.0559,0.9924,1,0,0,0.9552,0,0,0
"M",0,0,0,0,1,0.1277,1,0,0,0,0,0,0,0.9897,0,0,0,0,0,1,0,0,1,0,0,0,0,0,0,0,1,0.0575,0,0.0833,0,0,0.977,0.9889,0,1,0,0,0,0.1134,0.0682,0,1,0.9785,0,0,0.978,0,0,0
"M",0,0,0,0,0.9928,0.146,0,0,0,0,0,0,0,0.9897,0,0,0,0,0,1,0,0,0.9948,0,0,0,0,0,0,0,1,0,0,0,0.0918,0,0.9942,0.9952,0,0.9895,0,0,0,0.2214,0.097,0,1,0.9948,0,0,0.9945,0,0,0
"S",0,0,0,0,0,0.0769,0,0,0,0,0,0,0,0,0,0,0,0,0,0,0,0,0,0,0,0,0,0,0,0,0,0.1613,0,0.35,0.3333,0,1,0,0,0,0,0,0,0.2,0.1795,0,0,0,0,0,0,0,0,0
"S",0,0,0,0,0,0.1048,0,0,0,0,0,0,0,0,0,0,0,0,0,1,0,0,0.9917,0,0,0,0,0,0,0,0,0.0963,0,0.0541,0.0541,0,1,0.982,0,0.9828,0,0,0,0.1587,0.0833,0.0507,1,0.9812,0,0,0.982,0,0,0
"S",0,0,0,0,0,0.1186,0,0,0,0,0,0,0,0,0,0,0,0,0.0687,0,0,0,0,0,0,0,0,0,0,0,0,0.0859,0.0547,0.11,0.0526,0,0.9925,0,0,0,0,0,0,0.1855,0.1026,0,0,0,0,0,0,0,0,0
"S",0,0,0,0,0,0.1171,0,0,0,0,0,0,0,0,0,0,0,0,0,0.9925,0,0,0.98,0,0,0,0,0,0,0,0,0,0,0.0989,0,0,0.9933,0.9926,0,1,0,0,0,0.1379,0.1132,0,0.991,1,0,0,0.975,0,0,0
"S",0,0,0,0,0,0,0,0,0,0,0,0,0,0,0,0,0,0,0,1,0,0,0,0,0,0,0,0,0,0,0,0,0,0,0,0,1,0.9939,0,1,0,0,0,0,0,0,1,0,0,0,1,0,0,0
"M",0,0,0,0,1,0,0,0,0,0,0,0,0,0,0,0,0,0,0,1,0,0,0,0,0,0,0,0,0,0,0,0,0,0,0,0,1,1,0,1,0,0,0,0,0,0,0.9953,0,0,0,1,0,0,0
"S",0,0,0,0,0,0,0,0,0,0,0,0,0,0,0,0,0,0,0,1,0,0,0,0,0,0,0,0,0,0,0,0,0,0,0,0,1,0.9941,0,0.9926,0,0,0,0,0,0,0.9929,0,0,0,0.9936,0,0,0
"M",0,0,0,0,0,0,0,0,0,0,0,0,0,0.9928,0,0,0,0,0,0.9932,0.9934,0,0,0,0,0,0,0,0,0,0,0,0,0,0,0,1,1,0,1,0,0,0,0,0,0,1,0,0,0,1,0,0,0
"M",0,0,0,0,0,0,0,0,0,0,0,0,0,0,0,0,0,0,0,1,1,0,0.9964,0,0,0,0,0,0,0,0,0,0,0,0,0,1,1,0,0.9939,0,0,0,0,0,0,1,0.9845,0,0,1,0,0,0
"S",0,0,0,0,0,0,0,0,0,0,0,0,0,0,0,0,0,0,0,0,0,0,0,0,0,0,0,0,0,0,0,0,0,0,0,0,1,0,0,0,0,0,0,0,0,0,0,0,0,0,0,0,0,0
"S",0,0,0,0,0,0,0,0,0,0,0,0,0,0,0,0,0,0,0,1,0,0,0.9959,0,0,0,0,0,0,0,0,0,0,0,0,0,1,1,0,0.9857,0,0,0,0,0,0,1,0.9898,0,0,1,0,0,0
"S",0,0,0,0,0,0,0,0,0,0,0,0,0,0,0,0,0,0,0,0.9951,0,0,0.9898,0,0,0,0,0,0,0,0,0,0,0,0,0,1,0.9948,0,0.9951,0,0,0,0,0,0,1,0.9792,0,0,0.9955,0,0,0
"M",0,0,0,0,0,0,0,0,0,0,0,0,0,0.9805,0,0,0,0,0,1,0.9925,0,1,0,0,0,0,0,0,0,0,0,0,0,0,0,0.9915,1,0,0.9947,0,0,0,0,0,0,0.9957,0.996,0,0,1,0,0,0
"S",0,0,0,0.1015,0,0,0,0,0,0,0,0,0,0,0,0,0,0,0,0,0,0,0,0,0,0,0,0,0,0,0,0,0,0,0,0,0.9947,0.9922,0,0.9916,0,0,0,0,0,0,0,0,0,0,0,0,0,0.1161
"S",0,0,0,0.0922,0,0,0,0,0,0,0,0,0,0,0,0,0,0,0,0,0,0,0,0,0,0,0,0,0,0,0,0,0,0,0,0,0.9984,0.995,0,0.9915,0,0,0,0,0,0,0,0,0,0,0,0,0,0.0785
"S",0,0,0,0,0,0,0,0,0,0,0,0,0,0,0,0,0,0,0,0,0,0,0,0,0,0,0,0,0,0,0,0,0,0,0,0,1,1,0,1,0,0,0,0,0,0,0,0,0,0,0,0,0,0
"M",0,0,0,0,0,0,0,0,0,0,0,0,0,0,0,0,0,0,0,1,1,0,0,0,0,0,0,0,0,0,0,0,0,0,0,0,1,1,0,1,0,0,0,0,0,0,1,0,0,0,1,0,0,0
"S",0,0,0,0,0,0,0,0,0,0,0,0,0,0,0,0,0,0,0,0,0,0,0,0,0,0,0,0,0,0,0,0,0,0,0,0,1,1,0,1,0,0,0,0,0,0,0,0,0,0,0,0,0,0
"S",0,0,0,0,0,0,0,0,0,0,0,0,0,0,0,0,0,0,0,0,0,0,0,0,0,0,0,0,0,0,0,0,0,0,0,0,0.9964,1,0,1,0,0,0,0,0,0,0,0,0,0,0,0,0,0
"S",0,0,0,0,0,0,0,0,0,0,0,0,0,0,0,0,0,0,0,0,0,0,0,0,0,0,0,0,0,0,0,0,0,0,0,0,1,1,0,1,0,0,0,0,0,0,0,0,0,0,0,0,0,0
"S",0,0,0,0,0,0,0,0,0,0,0,0,0,0,0,0,0,0,0,0,0,0,0,0,0,0,0,0,0,0,0,0,0,0,0,0,1,1,0,1,0,0,0,0,0,0,0,0,0,0,0,0,0,0
"M",0,0,0,0,0,0,0,0,0,0,0,0,0,1,0,0,0,0,0,0.9933,0.9805,0,0.9871,0,0,0,0,0,0,0,0.9936,0,0,0,0,0,1,1,0,1,0,0,0,0,0,0,1,1,0,0,0.9972,0,0,0
"M",0,0,0,0,0,0,0,0,1,0,0,0,0,0,0,0,0,0,0,0,0,0,0.9964,0,0,0,0,1,0,0,0,0,0,0,0,0,1,0.9934,0,0.9966,0,0,0,0,0,0,1,1,0,0,0.9959,0,0,0
"M",0,0,0,0,0,0,0,0,0,0,0,0,0,0,0,0,0,0,0,1,1,0,1,0,0,0,0,0,0,0,0,0,0,0,0,0,1,0.9971,0,0.9951,0,0,0,0,0,0,0.9971,0.9972,0,0,0.9942,0,0,0
"M",0,0,0,0,0,0,0,0,0.9954,0,0,0,0,0,0,0,0,0,0,1,0,0,0.9956,0,0,0,0,0,0,0,1,0,0,0,0,0,0.9935,1,0,1,0,0,0,0,0,0,0.9976,0.9954,0,0,0.9977,0,0,0
"S",0,0,0,0,0,0,0,0,0,0,0,0,0,0,0,0,0,0,0,0.9973,0,0,0.9889,0,0,0,0,0,0,0,0,0,0,0,0,0,0.9945,1,0,0.9964,0,0,0,0,0,0,0.9936,0.9959,0,0,1,0,0,0
"M",0,0,0,0,0,0,0,0,0,0,0,0,0,0,0,0,0,0,0,0.9962,0,0,0.9936,0,0,0,0,0,0,0,0,0,0,0,0,0,0.9985,0.9972,0,0.9977,0,0,0,0,0,0,0.996,1,0,0,0.9984,0,0,0
"M",0,0,0,0,0,0,0,0,0,0,0,0,0,1,0,0,0,0,0,1,0,0,1,0,0,0,0,0,0,0,0,0,0,0,0,0,1,1,0,0.9903,0,0,0,0,0,0,0.9872,1,0,0,1,0,0,0
"M",0,0,0,0,0,0,0,0,0,0,0,0.1426,0,0,0,0,0,0,0,0,0,0,0,0,0,0,0,0,0,0,0,0,0,0,0,0.9961,0.9989,0.9974,0,0.998,0,0,0,0,0,0,0,0,0,0,0,0,0,0
"M",0,0,0,0,0,0,0,0,0,0,0,0,0,0,0,0,0,0,0,0.9879,0.9963,0,0.9968,0,0,0,0,0,0,0,0,0,0,0,0,0,0.9973,0.997,0,0.9976,0,0,0,0,0,0,0.9975,0.9891,0,0,1,0,0,0
"M",0.9634,0,0,0,0,0,0,0,0,0,0,0,0,0,0,0,0,0,0,1,0,0,1,0,0,0,0,0,0,0,0.9252,0,0,0,0,0,1,1,0,0.9907,0,0,0,0,0,0,1,1,0,0,1,0,0,0
"M",0,0,0,0,0,0,0.9972,0,0,0,0,0,0,0.9946,0,0,0,0,0,1,0,0,0.9946,0,0,0,0,0,0,0,0.9973,0,0,0,0,0,1,1,0,0.9891,0,0,0,0,0,0,1,1,0,0,0.9972,0,0,0
"M",0,0,0,0,0,0,1,0,0,0,0,0,0,0.9943,0,0,0,0,0,1,1,0,1,0,0,0,1,0,0,0,0,0,0,0,0,0,0.9975,0,0,1,0.6641,0,0,0,0,0,0.9974,0.9975,0,0,1,0,0,0
"M",0,0,0,0,0,0,1,0,0,0,0,0,0,0.9969,0,0,0,0,0,1,0,0,1,0,0,0,0,0,0,0,0.9915,0,0,0,0,0,1,0.997,0,1,0,0,0,0,0,0,1,1,0,0,1,0,0,0
"M",0,0,0,0,0,0,0,0,0,0,0,0,0,0.9971,0,0,0,0,0,0.9968,0,0,0.9971,0,0,0,0,0,0,0,1,0,0,0,0,1,1,0.9975,0,0.9922,0,0,0,0,0,0,1,1,0,0,1,0,0,0
"M",0,0,0,0,0,0,0,0,0,0,0,0,0,1,0,0,0,0,0,0.9943,0.9946,0,1,0,0,0,0,0,0,0,0.9976,0,0,0,0,0,0.9979,1,0,0.9938,0,0,0,0,0,0,0.9975,1,0,0,0.9975,0,0,0
"M",0,0,0,0,0,0,0,0,0,0,0,0,0,0,0,0,0,0,0,0.9917,0.9923,0,0.9722,0,0,0,0,0,0,0,0.9884,0,0,0,0,0,0.996,0.9962,0,0.9808,0,0,0,0,0,0,0.9957,1,0,0,1,0,0,0
"S",0,0,0,0,0,0,0,0,0,0,0,0,0,0,0,0,0,0,0,0,0,0,0,0,0,0,0,0,0,0,0,0,0,0,0,0,0.9963,0.9965,0,0.9871,0,0,0,0,0,0,0,0,0,0,0,0,0,0
"M",0,0,0,0,0,0,0,0,0,0,0,0,0,0,0,0,0,0,0,1,0,0,0.9971,0,0,0,0,0,0,0,0,0,0,0,0,0,1,0.9973,0,0.9915,0,0,0,0,0,0,0.9968,1,0,0,0.9877,0,0,0
"M",0,0,0,0,0,0,0.1751,0,0,0,0,0,0.7738,0,0,0,0,0,0,0,0,0,0,0,0,0,0,0,0,0,0.2332,0,0,0,0,0,1,0.9972,0,0.9973,0,0,0,0,0,0,0,0,0,0,0,0,0,0
"M",0,0,0,0,0,0,0,0,0,0,0,0,0,0,0,0,0,0,0,0,0.9922,0,0,0,0,0,0,0.9933,0,0,0,0,0,0,0,0,0.9909,0.994,0,1,0,0,0,0,0,0,0,0,0,0,0,0,0,0
"S",0,0,0,0,0,0,0,0,0,0,0,0,0,0,0,0,0,0,0,0.9814,0,0,0.9701,0,0,0,0,0,0,0,0,0,0,0,0,0,1,1,0,1,0,0,0,0,0,0,0.9831,0.9841,0,0,0.9875,0,0,0
"M",0,0,0,0,0,0,0,0,0,0,0,0,0,0.8218,0,0,0,0,0,1,0,0,0.997,0,0,0,0,0,0,0,0.8644,0,0,0,0,0,0.9944,0.9946,0,0.9971,0,0,0,0,0,0,0.9969,1,0,0,1,0,0,0
"M",0,0,0,0,0,0,0,0,0,0,0,0,0.9964,0,0,0,0,0,0,0,1,0,0,0,0,0,0,0,0,0,0,0,0,0,0,0,0.997,1,0,1,0,0,0,0,0,0,0,0,0,0,0,0,0,0
"M",0,0,0,0,0,0,0,0,0,0,0,0,0,0,0,0,0,0,0,0,0,0,0,0,0,0,0.68,0,0,0,0,0,0,0,0,0,1,1,0,1,0,0,0,0,0,0,0,0,0,0,0,0,0,0
"M",0,0,0,0,0,0,0,0,0,0,0,0,0,0.998,0,0,0,0,0,0.9979,0,0,1,0,0,0,0,0,0,0,0,0,0,0,0,0,1,1,0,0.9981,0,0,0,0,0,0,0.998,0.998,0,0,1,0,0,0
"M",0,0,0,0,0,0,0,0,0,0,0,0,0,1,0,0,0,0,0,0.9966,1,0,1,0,0,0,0,0,0,0,1,0,0,0,0,0.9936,0.9971,1,0,1,0,0,0,0,0,0,1,0.9964,0,0,0.9926,0,0,0
"M",0,0,0,0,0,0,0,0,0,0,0,0,0,0.9915,0,0,0,0,0,1,0.9962,0,0.9969,0,0,0,0,0,0,0,0,0,0,0,0,0,1,0.9969,0,0.9976,0,0,0,0,0,0,1,0.9967,0,0,1,0,0,0
"M",0,0,0,0,0,0,0.9983,0,0,0,0,0,0,1,0,0,0,0,0,0.9991,0.997,0,0.9983,0,0,0,0,0,0,0,0,0,0,0,0,0,0.998,0.9983,0,1,0,0,0,0,0,0,0.997,0.9957,0,0,0.9971,0,0,0
"M",0.9966,0,0,0,0,0,0,0,0,0,0,0,0,0,0,0,0,0,0,1,0.9969,0,0.9974,0,0,0,0,0,0,0,0,0,0,0,0,0,0.995,0.9976,0,0.9956,0,0,0,0,0,0,1,0.9971,0,0,0.9973,0,0,0
"M",0,0,0,0,0,0,0,0,0,0,0,0,0,0,0,0,0,0,0,1,0.9934,0,1,0,0,0,0,0,0,0,0,0,0,0,0,0,0.9974,0.9972,0,1,0,0,0,0,0,0,0.9969,1,0,0,0.9969,0,0,0
"M",0,0,0,0,0,0,0,0,0,0,0,0,0,0.9937,0,0,0,0,0,1,0.992,0,1,0,0,0,0,0,0,0,0.9964,0,0,0,0,0,1,0.9971,0,1,0,0,0,0,0,0,1,1,0,0,1,0,0,0
"M",0,0,0,0,0,0,0,0,0,0,0,0,0,1,0,0,0,0,0,0.9926,0,0,0.9966,0,0,0,0,0,0,0,0.9967,0,0,0,0,0,0.997,0.9971,0,0.9972,0,0,0,0,0,0,1,1,0,0,1,0,0,0
"M",0,0,0,0,0,0,0,0,0,0,0,0,0,0,0,0,0,0,0,1,0,0,0.9969,0,0,0,0,0,0,0,1,0,0,0,0,0,1,1,0,0.9943,0,0,0,0,0,0,0.9983,0.9983,0,0,1,0,0,0
"M",0,0,0,0,0,0,0,0,0,0,0,0,0,0,0.9948,0,0,0,0,1,1,0,0.9974,0,0,0,0,0,0,0,0.9945,0,0,0,0,0,1,0.9975,0,0.9976,0,0,0,0,0,0,1,1,0,0,1,0,0,0
"M",0,0,0,0,0,0,0,0,0,0,0,0,0,0,0,0,0,0,0,0,0.9873,0,0,0,0,0,0,0,0,0,0.9723,0,0,0,0,0,0.9971,0.9969,0,0.9893,0,0,0,0,0,0,0,0,0,0,0,0,0,0
"M",0,0,0,0,0,0,0.9971,0,0,0,0,0,0,0.9972,0,0,0,0,0,0,0,0,0,0,0,0,0,0,0,0,0,0,0,0,0,0,0.9944,1,0,1,0,0,0,0,0,0,0,0,0,0,0,0,0,0
"M",0,0,0,0,0,0,0,0,0,0,0,0,0,0,0.9974,0,0,0,0,0.9955,0.9978,0,0.9958,0,0,0,0,0,0,0,0.9947,0,0,0,0,0.9912,1,0.998,0,0.9981,0,0,0,0,0,0,0.9979,0.9895,0,0,0.9954,0,0,0
"M",0,0,0,0,0,0,0,0,0,0,0,0,0,0,1,0,0,0,0,0.9963,1,0,1,0,0,0,0,0,0,0,1,0,0,0,0,1,1,0.9968,0,1,0,0,0,0,0,0,1,1,0,0,1,0,0,0
"M",0,0,0,0,0,0,0,0,0,0,0,0,0,0.9971,0,0,0,0,0,0.9968,0.9967,0,0.9974,0,0,0,0,0,0,0,0.9922,0,0,0,0,0,0.9915,0.9946,0,0.9888,0,0,0,0,0,0,1,0.9853,0,0,0.9909,0,0,0
"M",0,0,0,0,0,0,0,0,0,0,0,0,0,0.997,0,0,0,0,0,1,0,0,0.9972,0,0,0,0,0.9968,0,0,0,0,0,0,0,0,0.9975,0.9974,0,0.9974,0,0,0,0,0,0,0.9943,1,0,0,1,0,0,0
"M",0,0,0,0,0,0,0.9967,0,0,0,0,0,0,0,0,0,0,0,0,0.9931,0,0,0.9969,0,0,0,0,0,0,0,0,0,0,0,0,0,0.997,1,0,0.9942,0,0,0,0,0,0,1,1,0,0,1,0,0,0
"M",0,0,0,0,0,0,0,0,0,0,0,0,0,1,0,0,0,0,0,1,0.9955,0,0.9926,0,0,0,0,0,0,0,0.9963,0,0,0,0,0,0.9962,1,0,1,0,0,0,0,0,0,0.996,0.9956,0,0,0.9914,0,0,0
"M",0,0,0,0,0,0,0,0,0,0,0,0,0.9936,0.9969,0,0,0,0,0,0.9939,0,0,1,0,0,0,0,0,0,0,0,0,0,0,0,0,0.9971,0.997,0,0.9942,0,0,0,0,0,0,0.9968,1,0,0,0.9967,0,0,0
"S",0,0,0,0,0,0,0,0,0,0,0,0,0,0,0,0,0,0,0,0,0,0,0,0,0,0,0,0,0,0,0,0,0,0,0,0,0.9948,0.9974,0,0.9908,0,0,0,0,0,0,0,0,0,0,0,0,0,0
"S",0,0,0,0,0,0,0,0,0,0,0,0,0,0,0,0,0,0,0,0,0,0,0.0604,0,0,0,0,0,0,0,0,0,0,0,0,0,0.9981,0.9983,0,0.9833,0,0,0,0,0,0,0,0,0,0,0,0,0,0
"S",0,0,0,0,0,0,0,0,0,0,0,0,0,0,0,0,0,0,0,0,0,0,0,0,0,0,0,0,0,0,0,0,0,0,0,0,0.9973,1,0,0.9886,0,0,0,0,0,0,0,0,0,0,0,0,0,0
"S",0,0,0,0,0,0,0,0,0,0,0,0,0,0,0,0,0,0,0,1,0,0,1,0,0,0,0,0,0,0,0.0955,0,0,0,0,0,1,1,0,0.9919,0,0,0,0,0,0,1,1,0,0,0.997,0,0,0
"S",0,0,0,0,0,0,0,0,0,0,0,0,0,0,0,0,0,0,0,0.9932,0,0,1,0,0,0,0,0,0,0,0,0,0,0,0,0,1,0.9969,0,0.9875,0,0,0,0,0,0,0.9962,0.9922,0,0,0.996,0,0,0
"S",0,0,0,0,0,0,0,0,0,0,0,0,0,0,0,0,0,0,0,0.9974,0,0,0.9925,0,0,0,0,0,0,0,0,0,0,0,0,0,1,1,0,0.9923,0,0,0,0,0,0,1,0.9972,0,0,1,0,0,0
"S",0,0,0,0,0,0,0,0,0,0,0,0,0,0,0,0,0,0,0,0.9963,0,0,0.9923,0,0,0,0,0,0,0,0,0,0,0,0,0,1,0.9976,0,0.9975,0,0,0,0,0,0,0.997,1,0,0,0.9842,0,0,0
"S",0,0,0,0,0,0,0,0,0,0,0,0,0,0,0,0,0,0,0,0,0,0,0,0,0,0,0,0,0,0,0,0,0,0,0,0,0.9916,1,0,0.9825,0,0,0,0,0,0,0,0,0,0,0,0,0,0
"S",0,0,0,0,0,0,0,0,0,0,0,0,0,0,0,0,0,0,0,0.991,0,0,0.9907,0,0,0,0,0,0,0,0,0,0,0,0,0,0.9862,1,0,0.9689,0,0,0,0,0,0,0.99,0.9919,0,0,0.9858,0,0,0
"S",0,0,0,0,0,0,0,0,0,0,0,0,0,0,0,0,0,0,0,0.9962,0,0,0.9864,0,0,0,0,0,0,0,0,0,0,0,0,0,0.9961,0.9923,0,0.9818,0,0,0,0,0,0,0.9874,0.9923,0,0,0.9913,0,0,0
"S",0,0,0,0,0,0,0,0,0,0,0,0,0,0,0,0,0,0,0,0,0,0,0,0,0,0,0,0,0,0,0,0,0,0,0,0,0.9962,0.9395,0,1,0,0,0,0,0,0,0,0,0,0,0,0,0,0
"S",0,0,0,0,0,0,0,0,0,0,0,0,0,0,0,0,0,0,0,0.9973,0,0,1,0,0,0,0,0,0,0,0,0,0,0,0,0,0.9973,0.9973,0,0.9865,0,0,0,0,0,0,1,1,0,0,1,0,0,0
"S",0,0,0,0,0,0,0,0,0,0,0,0,0,0,0,0,0,0,0,1,0,0,1,0,0,0,0,0,0,0,0,0,0,0,0,0,1,0.9975,0,0.991,0,0,0,0,0,0,0.9975,0.9905,0,0,0.9948,0,0,0
"S",0,0,0,0.1028,0,0,0,0,0,0,0,0,0,0,0,0,0,0,0,0,0,0,0,0.1462,0,0,0,0,0.1493,0.1657,0,0,0,0,0,0,0.9972,0.9955,0,0.9912,0,0,0,0,0,0,0,0,0.1411,0,0,0,0.161,0.1178
"M",0,0,0,0,0,0,0,0,0,0,0,0,0,0,0,0,0,0,0,0.0909,0.9512,0,0,0,0,0,0,0,0,0,0.9643,0,0,0,0,0.9286,1,1,0,1,0,0,0,0,0,0,0,0,0,0,0,0,0,0
"S",0,0,0,0,0,0,0,0,0,0,0,0,0,0,0,0,0,0,0,0.069,0,0,0,0,0,0,0,0,0,0,0,0,0,0,0,0,0.9796,0,0,1,0,0,0,0,0,0,0,0,0,0,0,0,0,0
"M",0,0,0,0,0,0,0,0,0,0,0,0,0,0,0,0,0,0,0,0,1,0,0,0,0,0,0.9756,0,0,0,0,0,0,0,0,0,1,0.9792,0,1,0,0,0,0,0,0,0,0,0,0,0,0,0,0
"M",0,0,0,0,0,0,1,0,0,0,0,0,0,1,0,0,0,0,0,1,1,0,1,0,0,0,0,0,0,0,0.9634,0,0,0,0,0,1,1,0,1,0,0,0,0,0,0,1,1,0,0,1,0,0,0
"M",0,0,0,0,0,0,0,0,0,0,0,0,0,0,0,0,0,0,0,0.9487,1,0,0,0,0,0,0,0,0,0,0.9804,0,0,0,0,1,1,1,0,1,0,0,0,0,0,0,0.9787,0,0,0,1,0,0,0
"M",0,0,0,0,0,0,0,0,0,0,0,0,0,0,0,0,0,0,0,0,0,0,0,0,0,0,0,1,0,0,0,0,0,0,0,0,1,1,0,1,0,0,0,0,0,0,0,0,0,0,0,0,0,0
"M",0,0,0,0,0,0,0,0,0,0,0,0,0,0,0,0,0,0,0,0,0.9841,0,0,0,0,0,0,0,0,0,1,0,0,0,0,0.9838,1,1,0,0.9905,0,0,0,0,0,0,0,0,0,0,0,0,0,0
"M",0,0,0,0,0,0,0.9891,0,0,0,0,0,0,0,0.9895,0,0,0,0,0,1,0,0,0,0,0,0,0,0,0,0.961,0,0,0,0,0,1,1,0,0.9853,0,0,0,0,0,0,0,0,0,0,0,0,0,0
"S",0,0,0,0,0,0,0,0,0,0,0,0,0,0,0,0,0,0,0,1,0,0,0,0,0,0,0,0,0,0,0,0,0,0,0,0,0.9762,0.9863,0,1,0,0,0,0,0,0,1,0,0,0,0.9688,0,0,0
"M",0,0,0,0,0,0,0.9831,0,0,0,0,0,0,1,0,0,0,0,0,1,0.9643,0,1,0,0,0,0,0,0,0,0,0,0,0,0,0,1,1,0,1,0,0,0,0,0,0,1,0.9848,0,0,0.9722,0,0,0
"S",0,0,0,0,0,0,0,0,0,0,0,0,0,0,0,0,0,0,0,0,0,0,0,0,0,0,0,0,0,0,0,0,0,0,0,0,1,1,0,0.9902,0,0,0,0,0,0,0,0,0,0,0,0,0,0
"S",0,0,0,0,0,0,0,0,0,0,0,0,0,0,0,0,0,0,0,0,0,0,0,0,0,0,0,0,0,0,0,0,0,0,0,0,1,1,0,1,0,0,0,0,0,0,0,0,0,0,0,0,0,0
"M",0,0,0,0,0,0,0.9841,0,0,0,0,0,0,0,1,0,0,0,0,0,1,0,0,0,0,0,0,0,0,0,0.9828,0,0,0,0,0,1,1,0,0.9863,0,0,0,0,0,0,0,0,0,0,0,0,0,0
"S",0,0,0,0,0,0,0,0,0,0,0,0,0,0,0,0,0,0,0,1,0,0,1,0,0,0,0,0,0,0,0,0,0,0,0,0,0.9836,1,0,1,0,0,0,0,0,0,1,1,0,0,1,0,0,0
"M",0,0,0,0,0,0,0.9936,0,0,0,0,0,0,1,0,0,0,0,0,0,1,0,0,0,0,0,0,0,0,0,1,0,0,0,0,0,1,1,0,0.9948,0,0,0,0,0,0,0,0,0,0,0,0,0,0
"M",0,0,0,0,0,0,0,0,0,0,0,0,0,1,0,0,0,0,0,1,0,0,1,0,0,0,0,0,0,0,1,0,0,0,0,0.9868,1,1,0,1,0,0,0,0,0,0,1,1,0,0,1,0,0,0
"M",0,0,0,0,0,0,0,0,0,0,0,0,0,0.9878,0,0,0,0,0,1,0,0,1,0,0,0,0,0,0,0,1,0,0,0,0,0,1,1,0,0.9856,0,0,0,0,0,0,0.9901,1,0,0,1,0,0,0
"M",0,0,0,0,0,0,0.9948,0,0,0,0,0,0,0,0.9953,0,0,0,0,1,1,0,1,0,0,0,0,0,0,0,0,0,0,0,0,0,1,1,0,1,0,0,0,0,0,0,1,0.9854,0,0,0.9958,0,0,0
"M",0,0,0,0,0,0,0.9925,0,0,0,0,0,0,0.9918,0,0,0,0,0,1,0.9818,0,1,0,0,0,0,0,0,0,0.9912,0,0,0,0,0,1,0.9926,0,1,0,0,0,0,0,0,0.9783,1,0,0,0.9848,0,0,0
"S",0,0,0,0,0,0,0,0,0,0,0,0,0,0,0,0,0,0,0,1,0,0,1,0,0,0,0,0,0,0,0,0,0,0,0,0,1,0.9938,0,0.9744,0,0,0,0,0,0,1,1,0,0,0.9692,0,0,0
"M",0,0,0,0,0,0,0,0,0,0,0,0,0,0.9821,0,0,0,0,0,1,0,0,1,0,0,0,0,0,0,0,0,0,0,0,0,0,1,1,0,1,0,0,0,0,0,0,1,0.9833,0,0,0.9722,0,0,0
"M",0,0,0,0,0,0,0,0,0,0,0,0,0,1,0,0,0,0,0,1,1,0,1,0,0,0,0,0,0,0,0.9879,0,0,0,0,1,1,0.9968,0,1,0,0,0,0,0,0,1,1,0,0,1,0,0,0
"M",0,0,0,0,0,0,0.9964,0,0,0,0,0,0,0,1,0,0,0,0,1,0,0,1,0,0,0,0,0,0,0,0.9959,0,0,0,0,0,1,1,0,1,0,0,0,0,0,0,0.9959,0.9962,0,0,0.9965,0,0,0
"S",0,0,0,0,0,0,0,0,0,0,0,0,0,0,0,0,0,0,0,1,0,0,1,0,0,0,0,0,0,0,0,0,0,0,0,0,0.9795,0.9947,0,1,0,0,0,0,0,0,1,0.9876,0,0,0.9927,0,0,0
"S",0,0,0,0.1143,0,0,0,0,0,0,0,0,0,0,0,0,0,0,0,1,0,0,1,0.0667,0,0,0,0,0,0,0,0,0,0,0,0,1,1,0,0.963,0,0,0,0,0,0,1,1,0,0,1,0,0,0
"S",0,0,0,0.0978,0,0,0,0,0,0,0,0,0,0,0,0,0,0,0,1,0,0,1,0,0,0,0,0,0,0,0,0,0,0,0,0,1,1,0,1,0,0,0.0685,0,0,0,1,1,0,0,0.9921,0,0,0.1419
"S",0,0,0,0.0552,0,0,0,0,0,0,0,0,0,0,0,0,0,0,0,1,0,0,1,0,0,0,0,0,0,0,0,0,0,0,0,0,1,1,0,0.9859,0,0,0,0,0,0,0.9934,0.9947,0,0,0.9939,0,0,0.0733
"M",0,0,0,0.1533,0,0,0,0,1,0,0,0,0,1,0,0,0,0,0,1,1,0,1,0.0741,0,0,0,0,0,0,0.9936,0,0,0,0,0,1,1,0,1,0,0,0.0543,0,0,0,1,1,0,0,1,0,0,0.1371
"M",0,0,0,0,0,0,0,0,0,0,0,0,0,0.9957,0,0,0,0,0,1,0.9939,0,1,0,0,0,0,0,0,0,0,0,0,0,0,0,1,1,0,0.9942,0,0,0,0,0,0,0.9906,1,0,0,0.9898,0,0,0
"M",0,0,0,0,0,0,0.9257,0,0,0,0,0,0,0.9789,0,0,0,0,0,0.9767,0.9639,0,0.9791,0,0,0,0.9227,0,0,0,0,0,0,0,0,0,1,0,0,0.9964,0,0,0,0,0,0,0.9723,0.9826,0,0,0.9852,0,0,0
"M",0,0,0,0,0,0,0,0,0,0,0,0,0,0.9786,0,0,0,0,0,1,0.9928,0,1,0,0,0,0,0,0,0,1,0,0,0,0,0,1,1,0,1,0,0,0,0,0,0,0.9933,1,0,0,1,0,0,0
"M",0,0,0,0,0,0,0,0,0,0,0,0,0,0,0,0,0,0,0,0.0569,0,0,0.0612,0,0,0,0,0,0,0,0.9953,0,0,0,0,0,1,1,0,0.9874,0,0,0,0,0,0,0,0,0,0,0,0,0,0
"M",0,0,0,0,0,0,0,0,0,0,0,0,0,0,0,0,0,0,0,1,0.9916,0,0.9921,0,0,0,0,0,0,0,0,0,0,0,0,0,1,1,0,1,0,0,0,0,0,0,1,0.9938,0,0,0.9873,0,0,0
"M",0,0,0,0,0,0,0,0,0,0,0,0,0,0.9889,0,0,0,0,0,1,0.993,0,0.9952,0,0,0,0,0,0,0,0,0,0,0,0,0,1,1,0,1,0,0,0,0,0,0,0.996,0.991,0,0,0.9966,0,0,0
"S",0,0,0,0.0611,0,0,0,0,0,0,0,0,0,0,0,0,0,0,0,1,0,0,1,0,0,0,0,0,0,0,0,0,0,0,0,0,1,1,0,1,0,0,0,0,0,0,1,1,0,0,1,0,0.1111,0.066
"M",0,0,0,0.1169,0,0,0,0,0,0,0,0,0,0,0,0,0,0,0,1,0,0,1,0,0,0,0,0,0,0.0561,1,0,0,0,0,0,1,0.9983,0,0.9948,0,0,0,0,0,0,1,1,0.0735,0,1,0,0.06,0.1062
"S",0,0,0,0,0,0,0,0,0,0,0,0,0,0,0,0,0,0,0,1,0,0,1,0,0,0,0,0,0,0.0882,0,0,0,0,0,0,1,1,0,1,0,0,0,0,0,0,1,0.9957,0,0,0.9966,0,0.0655,0
